id,name,documents_url,announcement_url,notices_url
dist-35-nicobars-coll,Nicobars District Collectorate,https://nicobars.andaman.nic.in/documents/,,
dist-35-north_and_middle_andaman-coll,North And Middle Andaman District Collectorate,https://northmiddle.andaman.nic.in/documents/,,
dist-35-south_andamans-coll,South Andamans District Collectorate,https://southandaman.nic.in/documents/,,
dist-28-alluri_sitharama_raju-coll,Alluri Sitharama Raju District Collectorate,https://allurisitharamaraju.ap.gov.in/documents/,,
dist-28-anakapalli-coll,Anakapalli District Collectorate,https://anakapalli.ap.gov.in/documents/,,
dist-28-ananthapuramu-coll,Ananthapuramu District Collectorate,https://ananthapuramu.ap.gov.in/documents/,,
dist-28-annamayya-coll,Annamayya District Collectorate,,,
dist-28-bapatla-coll,Bapatla District Collectorate,https://bapatla.ap.gov.in/documents/,,
dist-28-chittoor-coll,Chittoor District Collectorate,https://chittoor.ap.gov.in/documents/,,
dist-28-dr_br_ambedkar_konaseema-coll,Dr. B.R. Ambedkar Konaseema District Collectorate,https://konaseema.ap.gov.in/documents/,,
dist-28-east_godavari-coll,East Godavari District Collectorate,https://eastgodavari.ap.gov.in/documents/,,
dist-28-eluru-coll,Eluru District Collectorate,https://eluru.ap.gov.in/documents/,,
dist-28-guntur-coll,Guntur District Collectorate,https://guntur.ap.gov.in/documents/,,
dist-28-kakinada-coll,Kakinada District Collectorate,https://kakinada.ap.gov.in/documents/,,
dist-28-krishna-coll,Krishna District Collectorate,https://krishna.ap.gov.in/documents/,,
dist-28-kurnool-coll,Kurnool District Collectorate,https://kurnool.ap.gov.in/documents/,,
dist-28-nandyal-coll,Nandyal District Collectorate,https://nandyal.ap.gov.in/documents/,,
dist-28-ntr-coll,Ntr District Collectorate,https://ntr.ap.gov.in/documents/,,
dist-28-palnadu-coll,Palnadu District Collectorate,https://palnadu.ap.gov.in/documents/,,
dist-28-parvathipuram_manyam-coll,Parvathipuram Manyam District Collectorate,https://parvathipurammanyam.ap.gov.in/documents/,,
dist-28-prakasam-coll,Prakasam District Collectorate,https://prakasam.ap.gov.in/documents/,,
dist-28-sri_potti_sriramulu_nellore-coll,Sri Potti Sriramulu Nellore District Collectorate,https://spsnellore.ap.gov.in/documents/,,
dist-28-sri_sathya_sai-coll,Sri Sathya Sai District Collectorate,https://srisathyasai.ap.gov.in/documents/,,
dist-28-srikakulam-coll,Srikakulam District Collectorate,https://srikakulam.ap.gov.in/documents/,,
dist-28-tirupati-coll,Tirupati District Collectorate,https://tirupati.ap.gov.in/documents/,,
dist-28-visakhapatnam-coll,Visakhapatnam District Collectorate,https://visakhapatnam.ap.gov.in/documents/,,
dist-28-vizianagaram-coll,Vizianagaram District Collectorate,https://vizianagaram.ap.gov.in/documents/,,
dist-28-west_godavari-coll,West Godavari District Collectorate,https://westgodavari.ap.gov.in/documents/,,
dist-12-anjaw-coll,Anjaw District Collectorate,https://anjaw.nic.in/documents/,,
dist-12-changlang-coll,Changlang District Collectorate,https://changlang.nic.in/documents/,https://changlang.nic.in/notice_category/announcement/,https://changlang.nic.in/notice_category/notices/
dist-12-dibang_valley-coll,Dibang Valley District Collectorate,https://dibangvalley.nic.in/documents/,,
dist-12-east_kameng-coll,East Kameng District Collectorate,https://eastkameng.nic.in/documents/,,
dist-12-east_siang-coll,East Siang District Collectorate,https://eastsiang.nic.in/documents/,,
dist-12-kra_daadi-coll,Kra Daadi District Collectorate,https://kradaadi.nic.in/documents/,,
dist-12-kurung_kumey-coll,Kurung Kumey District Collectorate,https://kurungkumey.nic.in/documents/,,
dist-12-lohit-coll,Lohit District Collectorate,https://lohit.nic.in/documents/,,
dist-12-longding-coll,Longding District Collectorate,https://longding.nic.in/documents/,,
dist-12-lower_dibang_valley-coll,Lower Dibang Valley District Collectorate,https://roing.nic.in/documents/,,
dist-12-lower_siang-coll,Lower Siang District Collectorate,https://siang.nic.in/documents/,,
dist-12-lower_subansiri-coll,Lower Subansiri District Collectorate,https://lowersubansiri.nic.in/documents/,,
dist-12-namsai-coll,Namsai District Collectorate,https://namsai.nic.in/documents/,,
dist-12-papum_pare-coll,Papum Pare District Collectorate,https://papumpare.nic.in/documents/,,
dist-12-shi_yomi-coll,Shi Yomi District Collectorate,https://shiyomi.nic.in/documents/,,
dist-12-siang-coll,Siang District Collectorate,https://siang.nic.in/documents/,,
dist-12-tawang-coll,Tawang District Collectorate,https://tawang.nic.in/documents/,,
dist-12-tirap-coll,Tirap District Collectorate,https://tirap.nic.in/documents/,,
dist-12-upper_siang-coll,Upper Siang District Collectorate,https://uppersiang.nic.in/documents/,,
dist-12-upper_subansiri-coll,Upper Subansiri District Collectorate,https://uppersubansiri.nic.in/documents/,,
dist-12-west_kameng-coll,West Kameng District Collectorate,https://westkameng.nic.in/documents/,,
dist-12-west_siang-coll,West Siang District Collectorate,https://westsiang.nic.in/documents/,,
dist-18-bajali-coll,Bajali District Collectorate,,,
dist-18-baksa-coll,Baksa District Collectorate,,,
dist-18-barpeta-coll,Barpeta District Collectorate,,,
dist-18-biswanath-coll,Biswanath District Collectorate,,,
dist-18-bongaigaon-coll,Bongaigaon District Collectorate,,,
dist-18-cachar-coll,Cachar District Collectorate,,,
dist-18-charaideo-coll,Charaideo District Collectorate,,,
dist-18-chirang-coll,Chirang District Collectorate,,,
dist-18-darrang-coll,Darrang District Collectorate,,,
dist-18-dhemaji-coll,Dhemaji District Collectorate,,,
dist-18-dhubri-coll,Dhubri District Collectorate,,,
dist-18-dibrugarh-coll,Dibrugarh District Collectorate,,,
dist-18-dima_hasao-coll,Dima Hasao District Collectorate,,,
dist-18-goalpara-coll,Goalpara District Collectorate,https://goalpara.assam.gov.in/documents/,,
dist-18-golaghat-coll,Golaghat District Collectorate,,,
dist-18-hailakandi-coll,Hailakandi District Collectorate,,,
dist-18-hojai-coll,Hojai District Collectorate,,,
dist-18-jorhat-coll,Jorhat District Collectorate,,,
dist-18-kamrup-coll,Kamrup District Collectorate,,,
dist-18-kamrup_metro-coll,Kamrup Metro District Collectorate,,,
dist-18-karbi_anglong-coll,Karbi Anglong District Collectorate,,,
dist-18-kokrajhar-coll,Kokrajhar District Collectorate,,,
dist-18-lakhimpur-coll,Lakhimpur District Collectorate,,,
dist-18-majuli-coll,Majuli District Collectorate,,,
dist-18-marigaon-coll,Marigaon District Collectorate,,,
dist-18-nagaon-coll,Nagaon District Collectorate,,,
dist-18-nalbari-coll,Nalbari District Collectorate,,,
dist-18-sivasagar-coll,Sivasagar District Collectorate,,,
dist-18-sonitpur-coll,Sonitpur District Collectorate,,,
dist-18-south_salmara_mancachar-coll,South Salmara Mancachar District Collectorate,,,
dist-18-tinsukia-coll,Tinsukia District Collectorate,,,
dist-18-udalguri-coll,Udalguri District Collectorate,,,
dist-18-west_karbi_anglong-coll,West Karbi Anglong District Collectorate,,,
dist-10-araria-coll,Araria District Collectorate,https://araria.nic.in/documents/,,https://araria.nic.in/notice_category/notices/
dist-10-arwal-coll,Arwal District Collectorate,https://arwal.nic.in/documents/,,
dist-10-aurangabad-coll,Aurangabad District Collectorate,https://aurangabad.bih.nic.in/documents/,,
dist-10-banka-coll,Banka District Collectorate,,,
dist-10-begusarai-coll,Begusarai District Collectorate,https://begusarai.nic.in/documents/,,https://begusarai.nic.in/notice_category/notices/
dist-10-bhagalpur-coll,Bhagalpur District Collectorate,https://bhagalpur.nic.in/documents/,,
dist-10-bhojpur-coll,Bhojpur District Collectorate,https://bhojpur.nic.in/documents/,,
dist-10-buxar-coll,Buxar District Collectorate,https://buxar.nic.in/documents/,,
dist-10-darbhanga-coll,Darbhanga District Collectorate,https://darbhanga.nic.in/documents/,,https://darbhanga.nic.in/notice_category/notices/
dist-10-gaya-coll,Gaya District Collectorate,https://gaya.nic.in/documents/,,
dist-10-gopalganj-coll,Gopalganj District Collectorate,https://gopalganj.nic.in/documents/,,
dist-10-jamui-coll,Jamui District Collectorate,https://jamui.nic.in/documents/,,
dist-10-jehanabad-coll,Jehanabad District Collectorate,https://jehanabad.nic.in/documents/,,
dist-10-kaimur_bhabua-coll,Kaimur (Bhabua) District Collectorate,https://kaimur.nic.in/documents/,,
dist-10-katihar-coll,Katihar District Collectorate,https://katihar.nic.in/documents/,,
dist-10-khagaria-coll,Khagaria District Collectorate,https://khagaria.nic.in/documents/,,
dist-10-kishanganj-coll,Kishanganj District Collectorate,https://kishanganj.nic.in/documents/,,
dist-10-lakhisarai-coll,Lakhisarai District Collectorate,https://lakhisarai.nic.in/documents/,,
dist-10-madhepura-coll,Madhepura District Collectorate,https://madhepura.nic.in/documents/,,https://madhepura.nic.in/notice_category/notices/
dist-10-madhubani-coll,Madhubani District Collectorate,https://madhubani.nic.in/documents/,,
dist-10-munger-coll,Munger District Collectorate,https://munger.nic.in/documents/,,
dist-10-muzaffarpur-coll,Muzaffarpur District Collectorate,https://muzaffarpur.nic.in/documents/,,
dist-10-nalanda-coll,Nalanda District Collectorate,https://nalanda.nic.in/documents/,,
dist-10-nawada-coll,Nawada District Collectorate,https://nawada.nic.in/documents/,,
dist-10-pashchim_champaran-coll,Pashchim Champaran District Collectorate,https://westchamparan.nic.in/documents/,,
dist-10-patna-coll,Patna District Collectorate,https://patna.nic.in/documents/,,
dist-10-purbi_champaran-coll,Purbi Champaran District Collectorate,https://eastchamparan.nic.in/documents/,,
dist-10-purnia-coll,Purnia District Collectorate,https://purnea.nic.in/documents/,,
dist-10-rohtas-coll,Rohtas District Collectorate,https://rohtas.nic.in/documents/,,
dist-10-saharsa-coll,Saharsa District Collectorate,https://saharsa.nic.in/documents/,,
dist-10-samastipur-coll,Samastipur District Collectorate,https://samastipur.nic.in/documents/,,
dist-10-saran-coll,Saran District Collectorate,https://saran.nic.in/documents/,,
dist-10-sheikhpura-coll,Sheikhpura District Collectorate,https://sheikhpura.nic.in/documents/,,
dist-10-sheohar-coll,Sheohar District Collectorate,https://sheohar.nic.in/documents/,,
dist-10-sitamarhi-coll,Sitamarhi District Collectorate,https://sitamarhi.nic.in/documents/,,
dist-10-siwan-coll,Siwan District Collectorate,https://siwan.nic.in/documents/,,
dist-10-supaul-coll,Supaul District Collectorate,https://supaul.nic.in/documents/,,
dist-10-vaishali-coll,Vaishali District Collectorate,https://vaishali.nic.in/documents/,,
dist-4-chandigarh-coll,Chandigarh District Collectorate,https://chandigarhdistrict.nic.in/documents/,,
dist-22-balod-coll,Balod District Collectorate,https://balod.gov.in/documents/,,
dist-22-balodabazar_bhatapara-coll,Balodabazar-Bhatapara District Collectorate,https://balodabazar.gov.in/documents/,,
dist-22-balrampur_ramanujganj-coll,Balrampur-Ramanujganj District Collectorate,https://balrampur.gov.in/documents/,,
dist-22-bastar-coll,Bastar District Collectorate,https://bastar.gov.in/documents/,,
dist-22-bemetara-coll,Bemetara District Collectorate,https://bemetara.gov.in/documents/,,
dist-22-bijapur-coll,Bijapur District Collectorate,https://bijapur.gov.in/documents/,,
dist-22-bilaspur-coll,Bilaspur District Collectorate,https://bilaspur.gov.in/documents/,,
dist-22-dakshin_bastar_dantewada-coll,Dakshin Bastar Dantewada District Collectorate,https://dantewada.nic.in/documents/,,
dist-22-dhamtari-coll,Dhamtari District Collectorate,https://dhamtari.gov.in/documents/,,
dist-22-durg-coll,Durg District Collectorate,https://durg.gov.in/documents/,,
dist-22-gariyaband-coll,Gariyaband District Collectorate,https://gariaband.gov.in/documents/,,
dist-22-gaurela_pendra_marwahi-coll,Gaurela-Pendra-Marwahi District Collectorate,https://gaurela-pendra-marwahi.cg.gov.in/documents/,,
dist-22-janjgir_champa-coll,Janjgir-Champa District Collectorate,https://janjgir-champa.gov.in/documents/,,
dist-22-jashpur-coll,Jashpur District Collectorate,https://jashpur.nic.in/documents/,,
dist-22-kabeerdham-coll,Kabeerdham District Collectorate,https://kawardha.gov.in/documents/,,
dist-22-kondagaon-coll,Kondagaon District Collectorate,https://kondagaon.gov.in/documents/,,
dist-22-korba-coll,Korba District Collectorate,https://korba.gov.in/documents/,,
dist-22-korea-coll,Korea District Collectorate,https://korea.gov.in/documents/,,
dist-22-mahasamund-coll,Mahasamund District Collectorate,https://mahasamund.gov.in/documents/,,
dist-22-manendragarh_chirmiri_bharatpurm_c_b-coll,Manendragarh-Chirmiri-Bharatpur(M C B) District Collectorate,https://bharatpur.rajasthan.gov.in/documents/,https://bharatpur.rajasthan.gov.in/notice_category/announcement/,https://bharatpur.rajasthan.gov.in/notice_category/notices/
dist-22-mohla_manpur_ambagarh_chouki-coll,Mohla-Manpur-Ambagarh Chouki District Collectorate,https://mohla-manpur-ambagarhchowki.cg.gov.in/documents/,,
dist-22-mungeli-coll,Mungeli District Collectorate,https://mungeli.gov.in/documents/,,
dist-22-narayanpur-coll,Narayanpur District Collectorate,https://narayanpur.gov.in/documents/,,
dist-22-raigarh-coll,Raigarh District Collectorate,https://raigarh.gov.in/documents/,,
dist-22-raipur-coll,Raipur District Collectorate,,,
dist-22-rajnandgaon-coll,Rajnandgaon District Collectorate,https://rajnandgaon.nic.in/documents/,,
dist-22-sarangarh_bilaigarh-coll,Sarangarh-Bilaigarh District Collectorate,https://saran.nic.in/documents/,,
dist-22-sukma-coll,Sukma District Collectorate,https://sukma.gov.in/documents/,,
dist-22-surajpur-coll,Surajpur District Collectorate,https://surajpur.nic.in/documents/,,
dist-22-surguja-coll,Surguja District Collectorate,https://surguja.gov.in/documents/,,
dist-22-uttar_bastar_kanker-coll,Uttar Bastar Kanker District Collectorate,https://kanker.gov.in/documents/,,
dist-7-central-coll,Central District Collectorate,,,
dist-7-east-coll,East District Collectorate,https://dmeast.delhi.gov.in/documents/,,
dist-7-new_delhi-coll,New Delhi District Collectorate,https://dmnewdelhi.delhi.gov.in/documents/,,
dist-7-north-coll,North District Collectorate,https://dmnorth.delhi.gov.in/documents/,,
dist-7-north_east-coll,North East District Collectorate,https://dmnortheast.delhi.gov.in/documents/,,
dist-7-north_west-coll,North West District Collectorate,https://dmnorthwest.delhi.gov.in/documents/,,
dist-7-shahdara-coll,Shahdara District Collectorate,https://dmshahdara.delhi.gov.in/documents/,,
dist-7-south-coll,South District Collectorate,https://dmsouth.delhi.gov.in/documents/,,
dist-7-south_east-coll,South East District Collectorate,https://dmsoutheast.delhi.gov.in/documents/,,
dist-7-south_west-coll,South West District Collectorate,https://dmsouthwest.delhi.gov.in/documents/,,
dist-7-west-coll,West District Collectorate,,,
dist-30-north_goa-coll,North Goa District Collectorate,https://northgoa.gov.in/documents/,,
dist-30-south_goa-coll,South Goa District Collectorate,https://southgoa.nic.in/documents/,,
dist-24-ahmedabad-coll,Ahmedabad District Collectorate,https://ahmedabad.nic.in/documents/,,
dist-24-amreli-coll,Amreli District Collectorate,https://amreli.nic.in/documents/,,
dist-24-anand-coll,Anand District Collectorate,https://anand.nic.in/documents/,,
dist-24-arvalli-coll,Arvalli District Collectorate,https://arvalli.nic.in/documents/,,
dist-24-banas_kantha-coll,Banas Kantha District Collectorate,https://banaskantha.nic.in/documents/,https://banaskantha.nic.in/notice_category/announcement/,
dist-24-bharuch-coll,Bharuch District Collectorate,https://bharuch.nic.in/documents/,,
dist-24-bhavnagar-coll,Bhavnagar District Collectorate,https://bhavnagar.nic.in/documents/,,
dist-24-botad-coll,Botad District Collectorate,https://botad.nic.in/documents/,,
dist-24-chhotaudepur-coll,Chhotaudepur District Collectorate,https://chhotaudepur.nic.in/documents/,,
dist-24-dahod-coll,Dahod District Collectorate,https://dahod.gujarat.gov.in/documents/,https://dahod.gujarat.gov.in/notice_category/announcement/,https://dahod.gujarat.gov.in/notice_category/notices/
dist-24-dangs-coll,Dangs District Collectorate,https://dangs.nic.in/documents/,,
dist-24-devbhumi_dwarka-coll,Devbhumi Dwarka District Collectorate,https://devbhumidwarka.nic.in/documents/,,
dist-24-gandhinagar-coll,Gandhinagar District Collectorate,https://gandhinagar.nic.in/documents/,,
dist-24-gir_somnath-coll,Gir Somnath District Collectorate,https://girsomnath.gujarat.gov.in/documents/,https://girsomnath.gujarat.gov.in/notice_category/announcement/,https://girsomnath.gujarat.gov.in/notice_category/notices/
dist-24-jamnagar-coll,Jamnagar District Collectorate,https://jamnagar.nic.in/documents/,,
dist-24-junagadh-coll,Junagadh District Collectorate,https://junagadh.nic.in/documents/,,
dist-24-kachchh-coll,Kachchh District Collectorate,https://kachchh.nic.in/documents/,,
dist-24-kheda-coll,Kheda District Collectorate,https://kheda.nic.in/documents/,,
dist-24-mahesana-coll,Mahesana District Collectorate,https://mahesana.nic.in/documents/,,
dist-24-mahisagar-coll,Mahisagar District Collectorate,https://mahisagar.gujarat.gov.in/documents/,https://mahisagar.gujarat.gov.in/notice_category/announcement/,https://mahisagar.gujarat.gov.in/notice_category/notices/
dist-24-morbi-coll,Morbi District Collectorate,https://morbi.gujarat.gov.in/documents/,https://morbi.gujarat.gov.in/notice_category/announcement/,https://morbi.gujarat.gov.in/notice_category/notices/
dist-24-narmada-coll,Narmada District Collectorate,https://narmada.nic.in/documents/,,
dist-24-navsari-coll,Navsari District Collectorate,https://navsari.nic.in/documents/,,
dist-24-panch_mahals-coll,Panch Mahals District Collectorate,https://panchmahals.nic.in/documents/,,
dist-24-patan-coll,Patan District Collectorate,https://patan.nic.in/documents/,,
dist-24-porbandar-coll,Porbandar District Collectorate,https://porbandar.nic.in/documents/,,
dist-24-rajkot-coll,Rajkot District Collectorate,https://rajkot.nic.in/documents/,,
dist-24-sabar_kantha-coll,Sabar Kantha District Collectorate,https://sabarkantha.nic.in/documents/,,
dist-24-surat-coll,Surat District Collectorate,https://surat.nic.in/documents/,,
dist-24-surendranagar-coll,Surendranagar District Collectorate,https://surendranagar.nic.in/documents/,,
dist-24-tapi-coll,Tapi District Collectorate,https://tapi.nic.in/documents/,,
dist-24-vadodara-coll,Vadodara District Collectorate,https://vadodara.nic.in/documents/,,
dist-24-valsad-coll,Valsad District Collectorate,https://valsad.nic.in/documents/,,
dist-6-ambala-coll,Ambala District Collectorate,https://ambala.gov.in/documents/,,
dist-6-bhiwani-coll,Bhiwani District Collectorate,https://bhiwani.gov.in/documents/,,
dist-6-faridabad-coll,Faridabad District Collectorate,https://faridabad.nic.in/documents/,,
dist-6-fatehabad-coll,Fatehabad District Collectorate,https://fatehabad.nic.in/documents/,,
dist-6-gurugram-coll,Gurugram District Collectorate,https://gurugram.gov.in/documents/,,
dist-6-hisar-coll,Hisar District Collectorate,https://hisar.gov.in/documents/,,
dist-6-jhajjar-coll,Jhajjar District Collectorate,https://jhajjar.nic.in/documents/,,
dist-6-jind-coll,Jind District Collectorate,https://jind.gov.in/documents/,,
dist-6-kaithal-coll,Kaithal District Collectorate,https://kaithal.gov.in/documents/,,
dist-6-karnal-coll,Karnal District Collectorate,https://karnal.gov.in/documents/,,
dist-6-kurukshetra-coll,Kurukshetra District Collectorate,,,
dist-6-mahendragarh-coll,Mahendragarh District Collectorate,https://mahendragarh.gov.in/documents/,,
dist-6-nuh-coll,Nuh District Collectorate,https://nuh.gov.in/documents/,,
dist-6-palwal-coll,Palwal District Collectorate,https://palwal.gov.in/documents/,,
dist-6-panchkula-coll,Panchkula District Collectorate,https://panchkula.nic.in/documents/,,
dist-6-panipat-coll,Panipat District Collectorate,https://panipat.gov.in/documents/,,
dist-6-rewari-coll,Rewari District Collectorate,https://rewari.gov.in/documents/,,
dist-6-rohtak-coll,Rohtak District Collectorate,https://rohtak.gov.in/documents/,,
dist-6-sirsa-coll,Sirsa District Collectorate,https://sirsa.gov.in/documents/,,
dist-6-sonipat-coll,Sonipat District Collectorate,https://sonipat.gov.in/documents/,,
dist-6-yamunanagar-coll,Yamunanagar District Collectorate,https://yamunanagar.nic.in/documents/,,
dist-2-bilaspur-coll,Bilaspur District Collectorate,https://bilaspur.gov.in/documents/,,
dist-2-chamba-coll,Chamba District Collectorate,https://hpchamba.nic.in/documents/,,
dist-2-hamirpur-coll,Hamirpur District Collectorate,https://hphamirpur.nic.in/documents/,,
dist-2-kangra-coll,Kangra District Collectorate,https://hpkangra.nic.in/documents/,,
dist-2-kinnaur-coll,Kinnaur District Collectorate,https://hpkinnaur.nic.in/documents/,https://hpkinnaur.nic.in/notice_category/announcement/,
dist-2-kullu-coll,Kullu District Collectorate,https://hpkullu.nic.in/documents/,,
dist-2-lahaul_and_spiti-coll,Lahaul And Spiti District Collectorate,https://hplahaulspiti.nic.in/documents/,,
dist-2-mandi-coll,Mandi District Collectorate,https://hpmandi.nic.in/documents/,,
dist-2-shimla-coll,Shimla District Collectorate,https://hpshimla.nic.in/documents/,,
dist-2-sirmaur-coll,Sirmaur District Collectorate,https://hpsirmaur.nic.in/documents/,,
dist-2-solan-coll,Solan District Collectorate,https://hpsolan.nic.in/documents/,,
dist-2-una-coll,Una District Collectorate,https://hpuna.nic.in/documents/,,
dist-1-anantnag-coll,Anantnag District Collectorate,https://anantnag.nic.in/documents/,,
dist-1-bandipora-coll,Bandipora District Collectorate,https://bandipore.nic.in/documents/,,
dist-1-baramulla-coll,Baramulla District Collectorate,https://baramulla.nic.in/documents/,,
dist-1-budgam-coll,Budgam District Collectorate,https://budgam.nic.in/documents/,,
dist-1-doda-coll,Doda District Collectorate,https://doda.nic.in/documents/,,https://doda.nic.in/en/notice_category/notices/
dist-1-ganderbal-coll,Ganderbal District Collectorate,https://ganderbal.nic.in/documents/,,
dist-1-jammu-coll,Jammu District Collectorate,https://jammu.nic.in/documents/,,
dist-1-kathua-coll,Kathua District Collectorate,https://kathua.nic.in/documents/,,
dist-1-kishtwar-coll,Kishtwar District Collectorate,https://kishtwar.nic.in/documents/,,
dist-1-kulgam-coll,Kulgam District Collectorate,https://kulgam.nic.in/documents/,,
dist-1-kupwara-coll,Kupwara District Collectorate,https://kupwara.nic.in/documents/,,
dist-1-poonch-coll,Poonch District Collectorate,https://poonch.nic.in/documents/,,
dist-1-pulwama-coll,Pulwama District Collectorate,,,
dist-1-rajouri-coll,Rajouri District Collectorate,https://rajouri.nic.in/documents/,,
dist-1-ramban-coll,Ramban District Collectorate,https://ramban.gov.in/documents/,,
dist-1-reasi-coll,Reasi District Collectorate,https://reasi.nic.in/documents/,,
dist-1-samba-coll,Samba District Collectorate,,,
dist-1-shopian-coll,Shopian District Collectorate,https://shopian.nic.in/documents/,,https://shopian.nic.in/notice_category/notices/
dist-1-srinagar-coll,Srinagar District Collectorate,https://srinagar.nic.in/documents/,,https://srinagar.nic.in/notice_category/notices/
dist-1-udhampur-coll,Udhampur District Collectorate,https://udhampur.nic.in/documents/,,
dist-20-bokaro-coll,Bokaro District Collectorate,https://bokaro.nic.in/documents/,https://bokaro.nic.in/notice_category/announcement/,
dist-20-chatra-coll,Chatra District Collectorate,https://chatra.nic.in/documents/,,
dist-20-deoghar-coll,Deoghar District Collectorate,https://deoghar.nic.in/documents/,,
dist-20-dhanbad-coll,Dhanbad District Collectorate,https://dhanbad.nic.in/documents/,,
dist-20-dumka-coll,Dumka District Collectorate,https://dumka.nic.in/documents/,,
dist-20-east_singhbum-coll,East Singhbum District Collectorate,https://jamshedpur.nic.in/documents/,,
dist-20-garhwa-coll,Garhwa District Collectorate,https://garhwa.nic.in/documents/,,
dist-20-giridih-coll,Giridih District Collectorate,https://giridih.nic.in/documents/,,
dist-20-godda-coll,Godda District Collectorate,https://godda.nic.in/documents/,,
dist-20-gumla-coll,Gumla District Collectorate,https://gumla.nic.in/documents/,,
dist-20-hazaribagh-coll,Hazaribagh District Collectorate,https://hazaribag.nic.in/documents/,,
dist-20-jamtara-coll,Jamtara District Collectorate,https://jamtara.nic.in/documents/,,
dist-20-khunti-coll,Khunti District Collectorate,https://khunti.nic.in/documents/,,
dist-20-koderma-coll,Koderma District Collectorate,https://koderma.nic.in/documents/,,
dist-20-latehar-coll,Latehar District Collectorate,https://latehar.nic.in/documents/,,https://latehar.nic.in/notice_category/notices/
dist-20-lohardaga-coll,Lohardaga District Collectorate,https://lohardaga.nic.in/documents/,,
dist-20-pakur-coll,Pakur District Collectorate,https://pakur.nic.in/documents/,,https://pakur.nic.in/notice_category/notices/
dist-20-palamu-coll,Palamu District Collectorate,,,
dist-20-ramgarh-coll,Ramgarh District Collectorate,https://ramgarh.nic.in/documents/,,
dist-20-ranchi-coll,Ranchi District Collectorate,https://ranchi.nic.in/documents/,,
dist-20-sahebganj-coll,Sahebganj District Collectorate,https://sahibganj.nic.in/documents/,,
dist-20-saraikela_kharsawan-coll,Saraikela Kharsawan District Collectorate,https://seraikela.nic.in/documents/,,
dist-20-simdega-coll,Simdega District Collectorate,https://simdega.nic.in/documents/,,
dist-20-west_singhbhum-coll,West Singhbhum District Collectorate,https://chaibasa.nic.in/documents/,,
dist-29-bagalkote-coll,Bagalkote District Collectorate,https://bagalkot.nic.in/documents/,,
dist-29-ballari-coll,Ballari District Collectorate,https://ballari.nic.in/documents/,,
dist-29-belagavi-coll,Belagavi District Collectorate,https://belagavi.nic.in/documents/,,https://belagavi.nic.in/notice_category/notices/
dist-29-bengaluru_rural-coll,Bengaluru Rural District Collectorate,https://bangalorerural.nic.in/documents/,,
dist-29-bengaluru_urban-coll,Bengaluru Urban District Collectorate,https://bengaluruurban.nic.in/documents/,,
dist-29-bidar-coll,Bidar District Collectorate,https://bidar.nic.in/documents/,,
dist-29-chamarajanagara-coll,Chamarajanagara District Collectorate,https://chamrajnagar.nic.in/documents/,,https://chamrajnagar.nic.in/notice_category/notices/
dist-29-chikkaballapura-coll,Chikkaballapura District Collectorate,https://chikkaballapur.nic.in/documents/,,
dist-29-chikkamagaluru-coll,Chikkamagaluru District Collectorate,https://chikkamagaluru.nic.in/documents/,,https://chikkamagaluru.nic.in/notice_category/notices/
dist-29-chitradurga-coll,Chitradurga District Collectorate,,,
dist-29-dakshina_kannada-coll,Dakshina Kannada District Collectorate,https://dk.nic.in/documents/,,
dist-29-dharwad-coll,Dharwad District Collectorate,https://dharwad.nic.in/documents/,https://dharwad.nic.in/notice_category/announcement/,https://dharwad.nic.in/notice_category/notices/
dist-29-gadag-coll,Gadag District Collectorate,https://gadag.nic.in/documents/,,
dist-29-hassan-coll,Hassan District Collectorate,https://hassan.nic.in/documents/,,
dist-29-haveri-coll,Haveri District Collectorate,https://haveri.nic.in/documents/,,
dist-29-kalaburagi-coll,Kalaburagi District Collectorate,https://kalaburagi.nic.in/documents/,,
dist-29-kodagu-coll,Kodagu District Collectorate,https://kodagu.nic.in/documents/,,
dist-29-kolar-coll,Kolar District Collectorate,https://kolar.nic.in/documents/,,
dist-29-koppal-coll,Koppal District Collectorate,https://koppal.nic.in/documents/,,
dist-29-mandya-coll,Mandya District Collectorate,https://mandya.nic.in/documents/,,
dist-29-mysuru-coll,Mysuru District Collectorate,https://mysore.nic.in/documents/,,
dist-29-raichur-coll,Raichur District Collectorate,https://raichur.nic.in/documents/,,
dist-29-shivamogga-coll,Shivamogga District Collectorate,https://shimoga.nic.in/documents/,,
dist-29-tumakuru-coll,Tumakuru District Collectorate,https://tumkur.nic.in/documents/,,
dist-29-udupi-coll,Udupi District Collectorate,https://udupi.nic.in/documents/,,
dist-29-uttara_kannada-coll,Uttara Kannada District Collectorate,https://uttarakannada.nic.in/documents/,,
dist-29-vijayanagar-coll,Vijayanagar District Collectorate,https://vijayanagara.nic.in/documents/,,
dist-29-vijayapura-coll,Vijayapura District Collectorate,https://vijayapura.nic.in/documents/,,https://vijayapura.nic.in/notice_category/notices/
dist-29-yadgir-coll,Yadgir District Collectorate,https://yadgir.nic.in/documents/,,https://yadgir.nic.in/notice_category/notices/
dist-32-alappuzha-coll,Alappuzha District Collectorate,https://alappuzha.nic.in/documents/,,
dist-32-ernakulam-coll,Ernakulam District Collectorate,,,
dist-32-idukki-coll,Idukki District Collectorate,https://idukki.nic.in/documents/,,
dist-32-kannur-coll,Kannur District Collectorate,https://kannur.nic.in/documents/,,
dist-32-kasaragod-coll,Kasaragod District Collectorate,https://kasargod.nic.in/documents/,,
dist-32-kollam-coll,Kollam District Collectorate,https://kollam.nic.in/documents/,,
dist-32-kottayam-coll,Kottayam District Collectorate,https://kottayam.nic.in/documents/,,
dist-32-kozhikode-coll,Kozhikode District Collectorate,https://kozhikode.nic.in/documents/,,
dist-32-malappuram-coll,Malappuram District Collectorate,https://malappuram.nic.in/documents/,,
dist-32-palakkad-coll,Palakkad District Collectorate,https://palakkad.nic.in/documents/,,
dist-32-pathanamthitta-coll,Pathanamthitta District Collectorate,https://pathanamthitta.nic.in/documents/,,
dist-32-thiruvananthapuram-coll,Thiruvananthapuram District Collectorate,https://trivandrum.nic.in/documents/,,
dist-32-thrissur-coll,Thrissur District Collectorate,https://thrissur.nic.in/documents/,,
dist-32-wayanad-coll,Wayanad District Collectorate,https://wayanad.gov.in/documents/,https://wayanad.gov.in/notice_category/announcement/,
dist-37-kargil-coll,Kargil District Collectorate,https://kargil.nic.in/documents/,,
dist-37-leh_ladakh-coll,Leh Ladakh District Collectorate,https://leh.nic.in/documents/,,
dist-31-lakshadweep_district-coll,Lakshadweep District District Collectorate,https://lakshadweep.gov.in/district-panchayath/documents/,,
dist-23-agar_malwa-coll,Agar-Malwa District Collectorate,https://agarmalwa.nic.in/documents/,,
dist-23-alirajpur-coll,Alirajpur District Collectorate,https://alirajpur.nic.in/documents/,,
dist-23-anuppur-coll,Anuppur District Collectorate,https://anuppur.nic.in/en/documents/,,
dist-23-ashoknagar-coll,Ashoknagar District Collectorate,https://ashoknagar.nic.in/documents/,,
dist-23-balaghat-coll,Balaghat District Collectorate,https://balaghat.nic.in/documents/,,
dist-23-barwani-coll,Barwani District Collectorate,https://barwani.nic.in/documents/,,
dist-23-betul-coll,Betul District Collectorate,https://betul.nic.in/documents/,,
dist-23-bhind-coll,Bhind District Collectorate,https://bhind.nic.in/documents/,,
dist-23-bhopal-coll,Bhopal District Collectorate,https://bhopal.nic.in/documents/,,
dist-23-burhanpur-coll,Burhanpur District Collectorate,https://burhanpur.nic.in/documents/,https://burhanpur.nic.in/notice_category/announcement/,
dist-23-chhatarpur-coll,Chhatarpur District Collectorate,,,
dist-23-chhindwara-coll,Chhindwara District Collectorate,https://chhindwara.nic.in/documents/,https://chhindwara.nic.in/notice_category/announcement/,
dist-23-damoh-coll,Damoh District Collectorate,https://damoh.nic.in/documents/,,
dist-23-datia-coll,Datia District Collectorate,https://datia.nic.in/documents/,,
dist-23-dewas-coll,Dewas District Collectorate,https://dewas.nic.in/documents/,,
dist-23-dhar-coll,Dhar District Collectorate,https://dhar.nic.in/documents/,,
dist-23-dindori-coll,Dindori District Collectorate,https://dindori.nic.in/documents/,,
dist-23-guna-coll,Guna District Collectorate,https://guna.nic.in/documents/,,
dist-23-gwalior-coll,Gwalior District Collectorate,https://gwalior.nic.in/documents/,,
dist-23-harda-coll,Harda District Collectorate,https://harda.nic.in/documents/,,
dist-23-indore-coll,Indore District Collectorate,https://indore.nic.in/documents/,,
dist-23-jabalpur-coll,Jabalpur District Collectorate,https://jabalpur.nic.in/documents/,,
dist-23-jhabua-coll,Jhabua District Collectorate,https://jhabua.nic.in/documents/,,
dist-23-katni-coll,Katni District Collectorate,https://katni.nic.in/documents/,,
dist-23-khandwa_east_nimar-coll,Khandwa (East Nimar) District Collectorate,https://khandwa.nic.in/documents/,,
dist-23-khargone_west_nimar-coll,Khargone (West Nimar) District Collectorate,https://khargone.nic.in/documents/,,
dist-23-mandla-coll,Mandla District Collectorate,https://mandla.nic.in/documents/,,
dist-23-mandsaur-coll,Mandsaur District Collectorate,https://mandsaur.nic.in/documents/,,
dist-23-mauganj-coll,MAUGANJ District Collectorate,https://mauganj.nic.in/en/documents/,,
dist-23-morena-coll,Morena District Collectorate,https://morena.nic.in/documents/,,https://morena.nic.in/notice_category/notices/
dist-23-narmadapuram-coll,Narmadapuram District Collectorate,https://narmadapuram.nic.in/documents/,,
dist-23-narsimhapur-coll,Narsimhapur District Collectorate,https://narsinghpur.nic.in/documents/,,
dist-23-neemuch-coll,Neemuch District Collectorate,https://neemuch.nic.in/documents/,,
dist-23-niwari-coll,Niwari District Collectorate,https://niwari.nic.in/documents/,,https://niwari.nic.in/notice_category/notices/
dist-23-panna-coll,Panna District Collectorate,https://panna.nic.in/documents/,,
dist-23-raisen-coll,Raisen District Collectorate,https://raisen.nic.in/documents/,https://raisen.nic.in/notice_category/announcement/,
dist-23-rajgarh-coll,Rajgarh District Collectorate,https://rajgarh.nic.in/documents/,,
dist-23-ratlam-coll,Ratlam District Collectorate,https://ratlam.nic.in/documents/,,
dist-23-rewa-coll,Rewa District Collectorate,https://rewa.nic.in/documents/,,
dist-23-sagar-coll,Sagar District Collectorate,https://sagar.nic.in/documents/,,
dist-23-satna-coll,Satna District Collectorate,https://satna.nic.in/documents/,,
dist-23-sehore-coll,Sehore District Collectorate,https://sehore.nic.in/documents/,,
dist-23-seoni-coll,Seoni District Collectorate,https://seoni.nic.in/documents/,,
dist-23-shahdol-coll,Shahdol District Collectorate,https://shahdol.nic.in/documents/,,
dist-23-shajapur-coll,Shajapur District Collectorate,https://shajapur.nic.in/documents/,,
dist-23-sheopur-coll,Sheopur District Collectorate,https://sheopur.nic.in/documents/,,
dist-23-shivpuri-coll,Shivpuri District Collectorate,https://shivpuri.nic.in/documents/,,
dist-23-sidhi-coll,Sidhi District Collectorate,https://sidhi.nic.in/documents/,,
dist-23-singrauli-coll,Singrauli District Collectorate,https://singrauli.nic.in/documents/,,
dist-23-tikamgarh-coll,Tikamgarh District Collectorate,https://tikamgarh.nic.in/documents/,,
dist-23-ujjain-coll,Ujjain District Collectorate,https://ujjain.nic.in/documents/,,
dist-23-umaria-coll,Umaria District Collectorate,https://umaria.nic.in/documents/,,
dist-23-vidisha-coll,Vidisha District Collectorate,https://vidisha.nic.in/documents/,,
dist-27-akola-coll,Akola District Collectorate,https://akola.gov.in/documents/,,
dist-27-amravati-coll,Amravati District Collectorate,https://amravati.gov.in/documents/,,
dist-27-beed-coll,Beed District Collectorate,https://beed.gov.in/documents/,,
dist-27-bhandara-coll,Bhandara District Collectorate,https://bhandara.gov.in/en/documents/,,
dist-27-buldhana-coll,Buldhana District Collectorate,https://buldhana.nic.in/documents/,,
dist-27-chandrapur-coll,Chandrapur District Collectorate,https://chanda.nic.in/documents/,,
dist-27-chhatrapati_sambhajinagar-coll,Chhatrapati Sambhajinagar District Collectorate,https://aurangabad.gov.in/documents/,,
dist-27-dharashiv-coll,Dharashiv District Collectorate,https://osmanabad.gov.in/documents/,,
dist-27-dhule-coll,Dhule District Collectorate,,,
dist-27-gadchiroli-coll,Gadchiroli District Collectorate,https://gadchiroli.gov.in/documents/,,
dist-27-gondia-coll,Gondia District Collectorate,https://gondia.gov.in/documents/,,
dist-27-hingoli-coll,Hingoli District Collectorate,https://hingoli.nic.in/documents/,,
dist-27-jalgaon-coll,Jalgaon District Collectorate,https://jalgaon.gov.in/documents/,,
dist-27-jalna-coll,Jalna District Collectorate,https://jalna.gov.in/documents/,,
dist-27-kolhapur-coll,Kolhapur District Collectorate,https://kolhapur.gov.in/documents/,,
dist-27-latur-coll,Latur District Collectorate,https://latur.gov.in/documents/,,
dist-27-mumbai-coll,Mumbai District Collectorate,https://mumbaicity.gov.in/documents/,,
dist-27-mumbai_suburban-coll,Mumbai Suburban District Collectorate,https://mumbaisuburban.gov.in/documents/,,
dist-27-nagpur-coll,Nagpur District Collectorate,https://nagpur.gov.in/documents/,,
dist-27-nanded-coll,Nanded District Collectorate,https://nanded.gov.in/documents/,,
dist-27-nandurbar-coll,Nandurbar District Collectorate,,,
dist-27-nashik-coll,Nashik District Collectorate,https://nashik.gov.in/documents/,,
dist-27-palghar-coll,Palghar District Collectorate,https://palghar.gov.in/documents/,,
dist-27-parbhani-coll,Parbhani District Collectorate,https://parbhani.gov.in/documents/,,
dist-27-pune-coll,Pune District Collectorate,https://pune.gov.in/documents/,,
dist-27-raigad-coll,Raigad District Collectorate,https://raigad.gov.in/documents/,,
dist-27-ratnagiri-coll,Ratnagiri District Collectorate,https://ratnagiri.gov.in/documents/,,
dist-27-sangli-coll,Sangli District Collectorate,https://sangli.nic.in/documents/,,
dist-27-satara-coll,Satara District Collectorate,https://www.satara.gov.in/documents/,,
dist-27-sindhudurg-coll,Sindhudurg District Collectorate,https://sindhudurg.nic.in/documents/,,
dist-27-solapur-coll,Solapur District Collectorate,https://solapur.gov.in/documents/,,
dist-27-thane-coll,Thane District Collectorate,https://thane.nic.in/documents/,,
dist-27-wardha-coll,Wardha District Collectorate,https://wardha.gov.in/documents/,,
dist-27-washim-coll,Washim District Collectorate,https://washim.gov.in/documents/,,
dist-27-yavatmal-coll,Yavatmal District Collectorate,https://yavatmal.gov.in/documents/,,
dist-14-bishnupur-coll,Bishnupur District Collectorate,https://bishnupur.nic.in/documents/,,
dist-14-chandel-coll,Chandel District Collectorate,https://chandel.nic.in/documents/,,
dist-14-churachandpur-coll,Churachandpur District Collectorate,https://churachandpur.nic.in/documents/,,
dist-14-imphal_east-coll,Imphal East District Collectorate,https://imphaleast.nic.in/documents/,,
dist-14-imphal_west-coll,Imphal West District Collectorate,https://imphalwest.nic.in/documents/,,
dist-14-kakching-coll,Kakching District Collectorate,https://kakching.nic.in/documents/,,
dist-14-kamjong-coll,Kamjong District Collectorate,https://kamjong.nic.in/documents/,,
dist-14-kangpokpi-coll,Kangpokpi District Collectorate,https://kangpokpi.nic.in/documents/,,
dist-14-pherzawl-coll,Pherzawl District Collectorate,https://pherzawl.nic.in/documents/,,
dist-14-senapati-coll,Senapati District Collectorate,https://senapati.nic.in/documents/,,
dist-14-tamenglong-coll,Tamenglong District Collectorate,https://tamenglong.nic.in/documents/,,
dist-14-tengnoupal-coll,Tengnoupal District Collectorate,https://tengnoupal.nic.in/documents/,,
dist-14-thoubal-coll,Thoubal District Collectorate,https://thoubal.nic.in/documents/,,
dist-14-ukhrul-coll,Ukhrul District Collectorate,https://ukhrul.nic.in/documents/,,
dist-17-east_garo_hills-coll,East Garo Hills District Collectorate,https://eastgarohills.gov.in/documents/,,
dist-17-east_jaintia_hills-coll,East Jaintia Hills District Collectorate,https://eastjaintiahills.gov.in/documents/,,
dist-17-east_khasi_hills-coll,East Khasi Hills District Collectorate,https://eastkhasihills.gov.in/documents/,,https://eastkhasihills.gov.in/notice_category/notices/
dist-17-eastern_west_khasi_hills-coll,Eastern West Khasi Hills District Collectorate,,,
dist-17-north_garo_hills-coll,North Garo Hills District Collectorate,https://northgarohills.gov.in/documents/,,
dist-17-ri_bhoi-coll,Ri Bhoi District Collectorate,https://ribhoi.gov.in/documents/,,
dist-17-south_garo_hills-coll,South Garo Hills District Collectorate,https://southgarohills.gov.in/documents/,,
dist-17-south_west_garo_hills-coll,South West Garo Hills District Collectorate,https://southwestgarohills.gov.in/documents/,,
dist-17-south_west_khasi_hills-coll,South West Khasi Hills District Collectorate,https://southwestkhasihills.gov.in/documents/,,
dist-17-west_garo_hills-coll,West Garo Hills District Collectorate,https://westgarohills.gov.in/documents/,,
dist-17-west_jaintia_hills-coll,West Jaintia Hills District Collectorate,https://westjaintiahills.gov.in/documents/,,
dist-17-west_khasi_hills-coll,West Khasi Hills District Collectorate,https://westkhasihills.gov.in/documents/,,
dist-15-aizawl-coll,Aizawl District Collectorate,,,
dist-15-champhai-coll,Champhai District Collectorate,https://champhai.nic.in/documents/,,
dist-15-kolasib-coll,Kolasib District Collectorate,,,
dist-15-lawngtlai-coll,Lawngtlai District Collectorate,https://lawngtlai.nic.in/documents/,,
dist-15-lunglei-coll,Lunglei District Collectorate,https://lunglei.nic.in/documents/,,
dist-15-mamit-coll,Mamit District Collectorate,https://mamit.nic.in/documents/,,
dist-15-serchhip-coll,Serchhip District Collectorate,https://serchhip.nic.in/documents/,,
dist-15-siaha-coll,Siaha District Collectorate,https://siaha.nic.in/documents/,,
dist-13-chumoukedima-coll,Chumoukedima District Collectorate,https://chumoukedima.nic.in/documents/,,
dist-13-dimapur-coll,Dimapur District Collectorate,https://dimapur.nic.in/documents/,,
dist-13-kiphire-coll,Kiphire District Collectorate,https://kiphire.nic.in/documents/,,
dist-13-kohima-coll,Kohima District Collectorate,https://kohima.nic.in/documents/,https://kohima.nic.in/notice_category/announcement/,
dist-13-longleng-coll,Longleng District Collectorate,https://longleng.nic.in/documents/,,
dist-13-mokokchung-coll,Mokokchung District Collectorate,https://mokokchung.nic.in/documents/,,
dist-13-mon-coll,Mon District Collectorate,https://mon.nic.in/documents/,,
dist-13-noklak-coll,Noklak District Collectorate,https://noklak.nic.in/documents/,,
dist-13-peren-coll,Peren District Collectorate,https://peren-district.nic.in/en/documents/,,
dist-13-phek-coll,Phek District Collectorate,https://phek.nic.in/documents/,,
dist-13-shamator-coll,Shamator District Collectorate,https://shamator.nic.in/documents/,,
dist-13-tseminyu-coll,Tseminyu District Collectorate,https://tseminyu.nic.in/documents/,,
dist-13-tuensang-coll,Tuensang District Collectorate,https://tuensang.nic.in/documents/,,
dist-13-wokha-coll,Wokha District Collectorate,https://wokha.nic.in/documents/,,
dist-13-zunheboto-coll,Zunheboto District Collectorate,https://zunheboto.nic.in/documents/,,
dist-21-balangir-coll,Balangir District Collectorate,,,
dist-21-bargarh-coll,Bargarh District Collectorate,,,
dist-21-bhadrak-coll,Bhadrak District Collectorate,,,
dist-21-boudh-coll,Boudh District Collectorate,,,
dist-21-cuttack-coll,Cuttack District Collectorate,,,
dist-21-deogarh-coll,Deogarh District Collectorate,,,
dist-21-dhenkanal-coll,Dhenkanal District Collectorate,,,
dist-21-gajapati-coll,Gajapati District Collectorate,,,
dist-21-ganjam-coll,Ganjam District Collectorate,,,
dist-21-jagatsinghapur-coll,Jagatsinghapur District Collectorate,,,
dist-21-jharsuguda-coll,Jharsuguda District Collectorate,,,
dist-21-kalahandi-coll,Kalahandi District Collectorate,,,
dist-21-kandhamal-coll,Kandhamal District Collectorate,,,
dist-21-kendrapara-coll,Kendrapara District Collectorate,,,
dist-21-khordha-coll,Khordha District Collectorate,,,
dist-21-koraput-coll,Koraput District Collectorate,,,
dist-21-malkangiri-coll,Malkangiri District Collectorate,,,
dist-21-mayurbhanj-coll,Mayurbhanj District Collectorate,,,
dist-21-nabarangpur-coll,Nabarangpur District Collectorate,,,
dist-21-nayagarh-coll,Nayagarh District Collectorate,,,
dist-21-nuapada-coll,Nuapada District Collectorate,,,
dist-21-puri-coll,Puri District Collectorate,,,
dist-21-rayagada-coll,Rayagada District Collectorate,,,
dist-21-sambalpur-coll,Sambalpur District Collectorate,,,
dist-21-sonepur-coll,Sonepur District Collectorate,,,
dist-21-sundargarh-coll,Sundargarh District Collectorate,,,
dist-34-karaikal-coll,Karaikal District Collectorate,https://karaikal.gov.in/documents/,,
dist-34-mahe-coll,Mahe District Collectorate,https://mahendragarh.gov.in/documents/,,
dist-34-puducherry-coll,Puducherry District Collectorate,https://puducherry-dt.gov.in/documents/,,
dist-3-amritsar-coll,Amritsar District Collectorate,https://amritsar.nic.in/documents/,,
dist-3-barnala-coll,Barnala District Collectorate,https://barnala.gov.in/documents/,,
dist-3-bathinda-coll,Bathinda District Collectorate,https://bathinda.nic.in/documents/,,
dist-3-faridkot-coll,Faridkot District Collectorate,https://faridkot.nic.in/documents/,,
dist-3-fatehgarh_sahib-coll,Fatehgarh Sahib District Collectorate,https://fatehgarhsahib.nic.in/documents/,,
dist-3-fazilka-coll,Fazilka District Collectorate,,,
dist-3-ferozepur-coll,Ferozepur District Collectorate,https://ferozepur.nic.in/documents/,,
dist-3-gurdaspur-coll,Gurdaspur District Collectorate,https://gurdaspur.nic.in/documents/,,
dist-3-hoshiarpur-coll,Hoshiarpur District Collectorate,https://hoshiarpur.nic.in/documents/,,
dist-3-jalandhar-coll,Jalandhar District Collectorate,https://jalandhar.nic.in/documents/,,
dist-3-kapurthala-coll,Kapurthala District Collectorate,https://kapurthala.gov.in/documents/,,
dist-3-ludhiana-coll,Ludhiana District Collectorate,https://ludhiana.nic.in/documents/,,
dist-3-malerkotla-coll,Malerkotla District Collectorate,https://malerkotla.nic.in/documents/,,
dist-3-mansa-coll,Mansa District Collectorate,https://mansa.nic.in/documents/,,
dist-3-moga-coll,Moga District Collectorate,https://moga.nic.in/documents/,,
dist-3-pathankot-coll,Pathankot District Collectorate,https://pathankot.nic.in/documents/,,
dist-3-patiala-coll,Patiala District Collectorate,https://patiala.nic.in/documents/,,
dist-3-rupnagar-coll,Rupnagar District Collectorate,https://rupnagar.nic.in/documents/,,
dist-3-sangrur-coll,Sangrur District Collectorate,https://sangrur.nic.in/documents/,,
dist-3-sas_nagar-coll,S.A.S Nagar District Collectorate,https://sasnagar.nic.in/documents/,,
dist-3-shahid_bhagat_singh_nagar-coll,Shahid Bhagat Singh Nagar District Collectorate,https://nawanshahr.nic.in/documents/,,
dist-3-sri_muktsar_sahib-coll,Sri Muktsar Sahib District Collectorate,https://muktsar.nic.in/documents/,https://muktsar.nic.in/notice_category/announcement/,
dist-3-tarn_taran-coll,Tarn Taran District Collectorate,https://tarntaran.nic.in/documents/,,
dist-8-ajmer-coll,Ajmer District Collectorate,https://ajmer.rajasthan.gov.in/documents/,https://ajmer.rajasthan.gov.in/notice_category/announcement/,https://ajmer.rajasthan.gov.in/notice_category/notices/
dist-8-alwar-coll,Alwar District Collectorate,https://alwar.rajasthan.gov.in/documents/,https://alwar.rajasthan.gov.in/notice_category/announcement/,https://alwar.rajasthan.gov.in/notice_category/notices/
dist-8-balotra-coll,Balotra District Collectorate,https://balotra.rajasthan.gov.in/documents/,https://balotra.rajasthan.gov.in/notice_category/announcement/,https://balotra.rajasthan.gov.in/notice_category/notices/
dist-8-banswara-coll,Banswara District Collectorate,https://banswara.rajasthan.gov.in/documents/,https://banswara.rajasthan.gov.in/notice_category/announcement/,https://banswara.rajasthan.gov.in/notice_category/notices/
dist-8-baran-coll,Baran District Collectorate,https://baran.rajasthan.gov.in/documents/,https://baran.rajasthan.gov.in/notice_category/announcement/,https://baran.rajasthan.gov.in/notice_category/notices/
dist-8-barmer-coll,Barmer District Collectorate,https://barmer.rajasthan.gov.in/documents/,https://barmer.rajasthan.gov.in/notice_category/announcement/,https://barmer.rajasthan.gov.in/notice_category/notices/
dist-8-beawar-coll,Beawar District Collectorate,https://beawar.rajasthan.gov.in/documents/,https://beawar.rajasthan.gov.in/notice_category/announcement/,https://beawar.rajasthan.gov.in/notice_category/notices/
dist-8-bharatpur-coll,Bharatpur District Collectorate,https://bharatpur.rajasthan.gov.in/documents/,https://bharatpur.rajasthan.gov.in/notice_category/announcement/,https://bharatpur.rajasthan.gov.in/notice_category/notices/
dist-8-bhilwara-coll,Bhilwara District Collectorate,https://bhilwara.rajasthan.gov.in/documents/,https://bhilwara.rajasthan.gov.in/notice_category/announcement/,https://bhilwara.rajasthan.gov.in/notice_category/notices/
dist-8-bikaner-coll,Bikaner District Collectorate,https://bikaner.rajasthan.gov.in/documents/,https://bikaner.rajasthan.gov.in/notice_category/announcement/,https://bikaner.rajasthan.gov.in/notice_category/notices/
dist-8-bundi-coll,Bundi District Collectorate,https://bundi.rajasthan.gov.in/documents/,https://bundi.rajasthan.gov.in/notice_category/announcement/,https://bundi.rajasthan.gov.in/notice_category/notices/
dist-8-chittorgarh-coll,Chittorgarh District Collectorate,https://chittorgarh.rajasthan.gov.in/documents/,https://chittorgarh.rajasthan.gov.in/notice_category/announcement/,https://chittorgarh.rajasthan.gov.in/notice_category/notices/
dist-8-churu-coll,Churu District Collectorate,https://churu.rajasthan.gov.in/documents/,https://churu.rajasthan.gov.in/notice_category/announcement/,https://churu.rajasthan.gov.in/notice_category/notices/
dist-8-dausa-coll,Dausa District Collectorate,https://dausa.rajasthan.gov.in/documents/,https://dausa.rajasthan.gov.in/notice_category/announcement/,https://dausa.rajasthan.gov.in/notice_category/notices/
dist-8-deeg-coll,Deeg District Collectorate,https://deeg.rajasthan.gov.in/documents/,https://deeg.rajasthan.gov.in/notice_category/announcement/,https://deeg.rajasthan.gov.in/notice_category/notices/
dist-8-dholpur-coll,Dholpur District Collectorate,https://dholpur.rajasthan.gov.in/documents/,https://dholpur.rajasthan.gov.in/notice_category/announcement/,https://dholpur.rajasthan.gov.in/notice_category/notices/
dist-8-dungarpur-coll,Dungarpur District Collectorate,https://dungarpur.rajasthan.gov.in/documents/,https://dungarpur.rajasthan.gov.in/notice_category/announcement/,https://dungarpur.rajasthan.gov.in/notice_category/notices/
dist-8-ganganagar-coll,Ganganagar District Collectorate,https://sriganganagar.rajasthan.gov.in/documents/,https://sriganganagar.rajasthan.gov.in/notice_category/announcement/,https://sriganganagar.rajasthan.gov.in/notice_category/notices/
dist-8-hanumangarh-coll,Hanumangarh District Collectorate,https://hanumangarh.rajasthan.gov.in/documents/,https://hanumangarh.rajasthan.gov.in/notice_category/announcement/,https://hanumangarh.rajasthan.gov.in/notice_category/notices/
dist-8-jaipur-coll,Jaipur District Collectorate,https://jaipur.rajasthan.gov.in/documents/,https://jaipur.rajasthan.gov.in/notice_category/announcement/,https://jaipur.rajasthan.gov.in/notice_category/notices/
dist-8-jaipur_gramin-coll,Jaipur (Gramin) District Collectorate,https://jaipur.rajasthan.gov.in/documents/,https://jaipur.rajasthan.gov.in/notice_category/announcement/,https://jaipur.rajasthan.gov.in/notice_category/notices/
dist-8-jaisalmer-coll,Jaisalmer District Collectorate,https://jaisalmer.rajasthan.gov.in/documents/,https://jaisalmer.rajasthan.gov.in/notice_category/announcement/,https://jaisalmer.rajasthan.gov.in/notice_category/notices/
dist-8-jalore-coll,Jalore District Collectorate,https://jalore.rajasthan.gov.in/documents/,https://jalore.rajasthan.gov.in/notice_category/announcement/,https://jalore.rajasthan.gov.in/notice_category/notices/
dist-8-jhalawar-coll,Jhalawar District Collectorate,https://jhalawar.rajasthan.gov.in/documents/,https://jhalawar.rajasthan.gov.in/notice_category/announcement/,https://jhalawar.rajasthan.gov.in/notice_category/notices/
dist-8-jhunjhunu-coll,Jhunjhunu District Collectorate,https://jhunjhunu.rajasthan.gov.in/documents/,https://jhunjhunu.rajasthan.gov.in/notice_category/announcement/,https://jhunjhunu.rajasthan.gov.in/notice_category/notices/
dist-8-jodhpur-coll,Jodhpur District Collectorate,https://jodhpur.rajasthan.gov.in/documents/,https://jodhpur.rajasthan.gov.in/notice_category/announcement/,https://jodhpur.rajasthan.gov.in/notice_category/notices/
dist-8-jodhpur_gramin-coll,Jodhpur (Gramin) District Collectorate,https://jodhpur.rajasthan.gov.in/documents/,https://jodhpur.rajasthan.gov.in/notice_category/announcement/,https://jodhpur.rajasthan.gov.in/notice_category/notices/
dist-8-karauli-coll,Karauli District Collectorate,https://karauli.rajasthan.gov.in/documents/,https://karauli.rajasthan.gov.in/notice_category/announcement/,https://karauli.rajasthan.gov.in/notice_category/notices/
dist-8-khairthal_tijara-coll,Khairthal-Tijara District Collectorate,https://khairthaltijara.rajasthan.gov.in/documents/,https://khairthaltijara.rajasthan.gov.in/notice_category/announcement/,https://khairthaltijara.rajasthan.gov.in/notice_category/notices/
dist-8-kota-coll,Kota District Collectorate,https://kota.rajasthan.gov.in/documents/,https://kota.rajasthan.gov.in/notice_category/announcement/,https://kota.rajasthan.gov.in/notice_category/notices/
dist-8-kotputli_behror-coll,Kotputli-Behror District Collectorate,https://kotputlibehror.rajasthan.gov.in/documents/,https://kotputlibehror.rajasthan.gov.in/notice_category/announcement/,https://kotputlibehror.rajasthan.gov.in/notice_category/notices/
dist-8-nagaur-coll,Nagaur District Collectorate,https://nagaur.rajasthan.gov.in/documents/,https://nagaur.rajasthan.gov.in/notice_category/announcement/,https://nagaur.rajasthan.gov.in/notice_category/notices/
dist-8-pali-coll,Pali District Collectorate,https://pali.rajasthan.gov.in/documents/,https://pali.rajasthan.gov.in/notice_category/announcement/,https://pali.rajasthan.gov.in/notice_category/notices/
dist-8-phalodi-coll,Phalodi District Collectorate,https://phalodi.rajasthan.gov.in/documents/,https://phalodi.rajasthan.gov.in/notice_category/announcement/,https://phalodi.rajasthan.gov.in/notice_category/notices/
dist-8-pratapgarh-coll,Pratapgarh District Collectorate,https://pratapgarh.rajasthan.gov.in/documents/,https://pratapgarh.rajasthan.gov.in/notice_category/announcement/,https://pratapgarh.rajasthan.gov.in/notice_category/notices/
dist-8-rajsamand-coll,Rajsamand District Collectorate,https://rajsamand.rajasthan.gov.in/documents/,https://rajsamand.rajasthan.gov.in/notice_category/announcement/,https://rajsamand.rajasthan.gov.in/notice_category/notices/
dist-8-salumbar-coll,Salumbar District Collectorate,https://salumber.rajasthan.gov.in/documents/,https://salumber.rajasthan.gov.in/notice_category/announcement/,https://salumber.rajasthan.gov.in/notice_category/notices/
dist-8-sawai_madhopur-coll,Sawai Madhopur District Collectorate,https://sawaimadhopur.rajasthan.gov.in/documents/,https://sawaimadhopur.rajasthan.gov.in/notice_category/announcement/,https://sawaimadhopur.rajasthan.gov.in/notice_category/notices/
dist-8-sikar-coll,Sikar District Collectorate,https://sikar.rajasthan.gov.in/documents/,https://sikar.rajasthan.gov.in/notice_category/announcement/,https://sikar.rajasthan.gov.in/notice_category/notices/
dist-8-sirohi-coll,Sirohi District Collectorate,https://sirohi.rajasthan.gov.in/documents/,https://sirohi.rajasthan.gov.in/notice_category/announcement/,https://sirohi.rajasthan.gov.in/notice_category/notices/
dist-8-tonk-coll,Tonk District Collectorate,https://tonk.rajasthan.gov.in/documents/,https://tonk.rajasthan.gov.in/notice_category/announcement/,https://tonk.rajasthan.gov.in/notice_category/notices/
dist-8-udaipur-coll,Udaipur District Collectorate,https://udaipur.rajasthan.gov.in/documents/,https://udaipur.rajasthan.gov.in/notice_category/announcement/,https://udaipur.rajasthan.gov.in/notice_category/notices/
dist-11-mangan-coll,Mangan District Collectorate,https://mangan.nic.in/documents/,,
dist-11-soreng-coll,Soreng District Collectorate,,,
dist-33-ariyalur-coll,Ariyalur District Collectorate,https://ariyalur.nic.in/documents/,,
dist-33-chengalpattu-coll,Chengalpattu District Collectorate,https://chengalpattu.nic.in/documents/,,
dist-33-chennai-coll,Chennai District Collectorate,https://chennai.nic.in/documents/,,
dist-33-coimbatore-coll,Coimbatore District Collectorate,https://coimbatore.nic.in/documents/,,
dist-33-cuddalore-coll,Cuddalore District Collectorate,https://cuddalore.nic.in/documents/,,
dist-33-dharmapuri-coll,Dharmapuri District Collectorate,https://dharmapuri.nic.in/documents/,,
dist-33-dindigul-coll,Dindigul District Collectorate,https://dindigul.nic.in/documents/,,
dist-33-erode-coll,Erode District Collectorate,https://erode.nic.in/documents/,,
dist-33-kallakurichi-coll,Kallakurichi District Collectorate,https://kallakurichi.nic.in/documents/,,
dist-33-kancheepuram-coll,Kancheepuram District Collectorate,https://kancheepuram.nic.in/documents/,,
dist-33-kanniyakumari-coll,Kanniyakumari District Collectorate,https://kanniyakumari.nic.in/documents/,,
dist-33-karur-coll,Karur District Collectorate,https://karur.nic.in/documents/,,
dist-33-krishnagiri-coll,Krishnagiri District Collectorate,https://krishnagiri.nic.in/documents/,,
dist-33-madurai-coll,Madurai District Collectorate,https://madurai.nic.in/documents/,,
dist-33-mayiladuthurai-coll,Mayiladuthurai District Collectorate,https://mayiladuthurai.nic.in/documents/,,
dist-33-nagapattinam-coll,Nagapattinam District Collectorate,https://www.nagapattinam.nic.in/documents/,,
dist-33-namakkal-coll,Namakkal District Collectorate,https://namakkal.nic.in/documents/,,
dist-33-perambalur-coll,Perambalur District Collectorate,https://perambalur.nic.in/documents/,,
dist-33-pudukkottai-coll,Pudukkottai District Collectorate,,,
dist-33-ramanathapuram-coll,Ramanathapuram District Collectorate,https://ramanathapuram.nic.in/documents/,,
dist-33-salem-coll,Salem District Collectorate,https://salem.nic.in/documents/,,
dist-33-sivaganga-coll,Sivaganga District Collectorate,https://sivaganga.nic.in/documents/,,
dist-33-tenkasi-coll,Tenkasi District Collectorate,https://tenkasi.nic.in/documents/,,
dist-33-thanjavur-coll,Thanjavur District Collectorate,https://thanjavur.nic.in/documents/,,
dist-33-the_nilgiris-coll,The Nilgiris District Collectorate,https://nilgiris.nic.in/documents/,,
dist-33-theni-coll,Theni District Collectorate,https://theni.nic.in/documents/,,
dist-33-thiruvallur-coll,Thiruvallur District Collectorate,https://tiruvallur.nic.in/documents/,,
dist-33-thiruvarur-coll,Thiruvarur District Collectorate,https://tiruvarur.nic.in/documents/,,
dist-33-thoothukkudi-coll,Thoothukkudi District Collectorate,https://thoothukudi.nic.in/documents/,,
dist-33-tiruchirappalli-coll,Tiruchirappalli District Collectorate,https://tiruchirappalli.nic.in/documents/,,
dist-33-tirunelveli-coll,Tirunelveli District Collectorate,https://tirunelveli.nic.in/documents/,,
dist-33-tirupathur-coll,Tirupathur District Collectorate,https://tirupathur.nic.in/documents/,,
dist-33-tiruppur-coll,Tiruppur District Collectorate,https://tiruppur.nic.in/documents/,,
dist-33-tiruvannamalai-coll,Tiruvannamalai District Collectorate,https://tiruvannamalai.nic.in/documents/,,
dist-33-vellore-coll,Vellore District Collectorate,https://vellore.nic.in/documents/,,
dist-33-viluppuram-coll,Viluppuram District Collectorate,https://viluppuram.nic.in/documents/,,
dist-33-virudhunagar-coll,Virudhunagar District Collectorate,https://virudhunagar.nic.in/documents/,,
dist-36-adilabad-coll,Adilabad District Collectorate,https://adilabad.telangana.gov.in/documents/,,
dist-36-bhadradri_kothagudem-coll,Bhadradri Kothagudem District Collectorate,https://kothagudem.telangana.gov.in/documents/,,
dist-36-hanumakonda-coll,Hanumakonda District Collectorate,https://hanumakonda.telangana.gov.in/documents/,,
dist-36-hyderabad-coll,Hyderabad District Collectorate,https://hyderabad.telangana.gov.in/documents/,,https://hyderabad.telangana.gov.in/notice_category/notices/
dist-36-jagitial-coll,Jagitial District Collectorate,https://jagtial.telangana.gov.in/documents/,,
dist-36-jangoan-coll,Jangoan District Collectorate,https://jangaon.telangana.gov.in/documents/,,
dist-36-jayashankar_bhupalapally-coll,Jayashankar Bhupalapally District Collectorate,https://bhoopalapally.telangana.gov.in/documents/,,
dist-36-jogulamba_gadwal-coll,Jogulamba Gadwal District Collectorate,https://gadwal.telangana.gov.in/documents/,,
dist-36-kamareddy-coll,Kamareddy District Collectorate,https://kamareddy.telangana.gov.in/documents/,,
dist-36-karimnagar-coll,Karimnagar District Collectorate,https://karimnagar.telangana.gov.in/documents/,,
dist-36-khammam-coll,Khammam District Collectorate,https://khammam.telangana.gov.in/documents/,,
dist-36-kumuram_bheem_asifabad-coll,Kumuram Bheem Asifabad District Collectorate,https://asifabad.telangana.gov.in/documents/,,
dist-36-mahabubabad-coll,Mahabubabad District Collectorate,https://mahabubabad.telangana.gov.in/documents/,,
dist-36-mahabubnagar-coll,Mahabubnagar District Collectorate,https://mahabubnagar.telangana.gov.in/documents/,,
dist-36-mancherial-coll,Mancherial District Collectorate,https://mancherial.telangana.gov.in/documents/,,
dist-36-medak-coll,Medak District Collectorate,https://medak.telangana.gov.in/documents/,,
dist-36-medchal_malkajgiri-coll,Medchal Malkajgiri District Collectorate,https://medchal-malkajgiri.telangana.gov.in/documents/,,
dist-36-mulugu-coll,Mulugu District Collectorate,https://mulugu.telangana.gov.in/documents/,,
dist-36-nagarkurnool-coll,Nagarkurnool District Collectorate,https://nagarkurnool.telangana.gov.in/documents/,,
dist-36-nalgonda-coll,Nalgonda District Collectorate,https://nalgonda.telangana.gov.in/documents/,,
dist-36-narayanpet-coll,Narayanpet District Collectorate,https://narayanpet.telangana.gov.in/documents/,,
dist-36-nirmal-coll,Nirmal District Collectorate,https://nirmal.telangana.gov.in/documents/,,
dist-36-nizamabad-coll,Nizamabad District Collectorate,https://nizamabad.telangana.gov.in/documents/,,
dist-36-peddapalli-coll,Peddapalli District Collectorate,https://peddapalli.telangana.gov.in/documents/,,
dist-36-rajanna_sircilla-coll,Rajanna Sircilla District Collectorate,https://rajannasircilla.telangana.gov.in/documents/,,
dist-36-ranga_reddy-coll,Ranga Reddy District Collectorate,https://rangareddy.telangana.gov.in/documents/,,
dist-36-sangareddy-coll,Sangareddy District Collectorate,https://sangareddy.telangana.gov.in/documents/,,
dist-36-siddipet-coll,Siddipet District Collectorate,https://siddipet.telangana.gov.in/documents/,,
dist-36-suryapet-coll,Suryapet District Collectorate,https://suryapet.telangana.gov.in/documents/,,
dist-36-vikarabad-coll,Vikarabad District Collectorate,https://vikarabad.telangana.gov.in/documents/,,
dist-36-wanaparthy-coll,Wanaparthy District Collectorate,https://wanaparthy.telangana.gov.in/documents/,,
dist-36-warangal-coll,Warangal District Collectorate,https://warangal.telangana.gov.in/documents/,,
dist-36-yadadri_bhuvanagiri-coll,Yadadri Bhuvanagiri District Collectorate,https://yadadri.telangana.gov.in/documents/,,
dist-38-dadra_and_nagar_haveli-coll,Dadra And Nagar Haveli District Collectorate,https://dnh.gov.in/documents/,,
dist-38-daman-coll,Daman District Collectorate,,,
dist-38-diu-coll,Diu District Collectorate,https://diu.gov.in/documents/,,
dist-16-dhalai-coll,Dhalai District Collectorate,https://dhalai.nic.in/documents/,,
dist-16-gomati-coll,Gomati District Collectorate,https://gomati.nic.in/documents/,,
dist-16-khowai-coll,Khowai District Collectorate,https://khowai.nic.in/documents/,,
dist-16-north_tripura-coll,North Tripura District Collectorate,https://northtripura.nic.in/documents/,,
dist-16-sepahijala-coll,Sepahijala District Collectorate,https://sepahijala.nic.in/documents/,,
dist-16-south_tripura-coll,South Tripura District Collectorate,https://southtripura.nic.in/documents/,,
dist-16-unakoti-coll,Unakoti District Collectorate,,,
dist-16-west_tripura-coll,West Tripura District Collectorate,https://westtripura.nic.in/documents/,,
dist-9-agra-coll,Agra District Collectorate,https://agra.nic.in/documents/,,
dist-9-aligarh-coll,Aligarh District Collectorate,https://aligarh.nic.in/documents/,,
dist-9-ambedkar_nagar-coll,Ambedkar Nagar District Collectorate,https://ambedkarnagar.nic.in/documents/,,
dist-9-amethi-coll,Amethi District Collectorate,https://amethi.nic.in/documents/,,
dist-9-amroha-coll,Amroha District Collectorate,https://amroha.nic.in/documents/,,
dist-9-auraiya-coll,Auraiya District Collectorate,https://auraiya.nic.in/documents/,,
dist-9-ayodhya-coll,Ayodhya District Collectorate,,,
dist-9-azamgarh-coll,Azamgarh District Collectorate,https://azamgarh.nic.in/documents/,,
dist-9-baghpat-coll,Baghpat District Collectorate,,,https://bagpat.nic.in/notice_category/notices/
dist-9-bahraich-coll,Bahraich District Collectorate,https://bahraich.nic.in/documents/,,
dist-9-ballia-coll,Ballia District Collectorate,https://ballia.nic.in/documents/,,
dist-9-balrampur-coll,Balrampur District Collectorate,https://balrampur.nic.in/documents/,,
dist-9-banda-coll,Banda District Collectorate,https://banda.nic.in/documents/,,https://banda.nic.in/notice_category/notices/
dist-9-bara_banki-coll,Bara Banki District Collectorate,https://barabanki.nic.in/documents/,,
dist-9-bareilly-coll,Bareilly District Collectorate,,,
dist-9-basti-coll,Basti District Collectorate,https://basti.nic.in/documents/,,
dist-9-bhadohi-coll,Bhadohi District Collectorate,https://bhadohi.nic.in/documents/,,
dist-9-bijnor-coll,Bijnor District Collectorate,https://bijnor.nic.in/documents/,,
dist-9-budaun-coll,Budaun District Collectorate,https://budaun.nic.in/documents/,,
dist-9-bulandshahr-coll,Bulandshahr District Collectorate,https://bulandshahar.nic.in/documents/,,
dist-9-chandauli-coll,Chandauli District Collectorate,https://chandauli.nic.in/documents/,,
dist-9-chitrakoot-coll,Chitrakoot District Collectorate,,,
dist-9-deoria-coll,Deoria District Collectorate,,,
dist-9-etah-coll,Etah District Collectorate,https://etah.nic.in/documents/,,
dist-9-etawah-coll,Etawah District Collectorate,https://etawah.nic.in/documents/,,
dist-9-farrukhabad-coll,Farrukhabad District Collectorate,https://farrukhabad.nic.in/documents/,,
dist-9-fatehpur-coll,Fatehpur District Collectorate,https://fatehpur.nic.in/documents/,,
dist-9-firozabad-coll,Firozabad District Collectorate,https://firozabad.nic.in/documents/,,
dist-9-gautam_buddha_nagar-coll,Gautam Buddha Nagar District Collectorate,https://gbnagar.nic.in/documents/,,
dist-9-ghaziabad-coll,Ghaziabad District Collectorate,https://ghaziabad.nic.in/documents/,,
dist-9-ghazipur-coll,Ghazipur District Collectorate,https://ghazipur.nic.in/documents/,,
dist-9-gonda-coll,Gonda District Collectorate,https://gonda.nic.in/documents/,,
dist-9-gorakhpur-coll,Gorakhpur District Collectorate,https://gorakhpur.nic.in/documents/,,
dist-9-hamirpur-coll,Hamirpur District Collectorate,https://hphamirpur.nic.in/documents/,,
dist-9-hapur-coll,Hapur District Collectorate,https://hapur.nic.in/documents/,,
dist-9-hardoi-coll,Hardoi District Collectorate,https://hardoi.nic.in/documents/,,
dist-9-hathras-coll,Hathras District Collectorate,https://hathras.nic.in/documents/,,
dist-9-jalaun-coll,Jalaun District Collectorate,https://jalaun.nic.in/documents/,,
dist-9-jaunpur-coll,Jaunpur District Collectorate,https://jaunpur.nic.in/documents/,,
dist-9-jhansi-coll,Jhansi District Collectorate,https://jhansi.nic.in/documents/,,
dist-9-kannauj-coll,Kannauj District Collectorate,,,
dist-9-kanpur_dehat-coll,Kanpur Dehat District Collectorate,https://kanpurdehat.nic.in/documents/,,
dist-9-kanpur_nagar-coll,Kanpur Nagar District Collectorate,,,
dist-9-kasganj-coll,Kasganj District Collectorate,https://kasganj.nic.in/documents/,,
dist-9-kaushambi-coll,Kaushambi District Collectorate,,,
dist-9-kheri-coll,Kheri District Collectorate,https://kheri.nic.in/documents/,,https://kheri.nic.in/notice_category/notices/
dist-9-kushinagar-coll,Kushinagar District Collectorate,https://kushinagar.nic.in/documents/,,
dist-9-lalitpur-coll,Lalitpur District Collectorate,https://lalitpur.nic.in/documents/,,
dist-9-lucknow-coll,Lucknow District Collectorate,https://lucknow.nic.in/documents/,,https://lucknow.nic.in/notice_category/notices/
dist-9-mahoba-coll,Mahoba District Collectorate,https://mahoba.nic.in/documents/,,
dist-9-mahrajganj-coll,Mahrajganj District Collectorate,,,
dist-9-mainpuri-coll,Mainpuri District Collectorate,https://mainpuri.nic.in/documents/,,
dist-9-mathura-coll,Mathura District Collectorate,https://mathura.nic.in/documents/,,
dist-9-mau-coll,Mau District Collectorate,https://mau.nic.in/documents/,,
dist-9-meerut-coll,Meerut District Collectorate,,,
dist-9-mirzapur-coll,Mirzapur District Collectorate,https://mirzapur.nic.in/documents/,,
dist-9-moradabad-coll,Moradabad District Collectorate,https://moradabad.nic.in/documents/,,
dist-9-muzaffarnagar-coll,Muzaffarnagar District Collectorate,https://muzaffarnagar.nic.in/documents/,,
dist-9-pilibhit-coll,Pilibhit District Collectorate,https://pilibhit.nic.in/documents/,,
dist-9-pratapgarh-coll,Pratapgarh District Collectorate,https://pratapgarh.rajasthan.gov.in/documents/,https://pratapgarh.rajasthan.gov.in/notice_category/announcement/,https://pratapgarh.rajasthan.gov.in/notice_category/notices/
dist-9-prayagraj-coll,Prayagraj District Collectorate,https://prayagraj.nic.in/documents/,,
dist-9-rae_bareli-coll,Rae Bareli District Collectorate,https://raebareli.nic.in/documents/,,
dist-9-rampur-coll,Rampur District Collectorate,https://rampur.nic.in/documents/,,
dist-9-saharanpur-coll,Saharanpur District Collectorate,https://saharanpur.nic.in/documents/,,
dist-9-sambhal-coll,Sambhal District Collectorate,,,
dist-9-sant_kabir_nagar-coll,Sant Kabir Nagar District Collectorate,https://sknagar.nic.in/documents/,,
dist-9-shahjahanpur-coll,Shahjahanpur District Collectorate,https://shahjahanpur.nic.in/documents/,,
dist-9-shamli-coll,Shamli District Collectorate,https://shamli.nic.in/documents/,,
dist-9-shrawasti-coll,Shrawasti District Collectorate,https://shravasti.nic.in/documents/,,
dist-9-siddharthnagar-coll,Siddharthnagar District Collectorate,https://siddharthnagar.nic.in/documents/,,
dist-9-sitapur-coll,Sitapur District Collectorate,https://sitapur.nic.in/documents/,,
dist-9-sonbhadra-coll,Sonbhadra District Collectorate,https://sonbhadra.nic.in/documents/,,
dist-9-sultanpur-coll,Sultanpur District Collectorate,https://sultanpur.nic.in/documents/,,
dist-9-unnao-coll,Unnao District Collectorate,https://unnao.nic.in/documents/,,
dist-9-varanasi-coll,Varanasi District Collectorate,https://varanasi.nic.in/documents/,,
dist-5-almora-coll,Almora District Collectorate,https://almora.nic.in/documents/,,
dist-5-bageshwar-coll,Bageshwar District Collectorate,https://bageshwar.nic.in/documents/,,
dist-5-chamoli-coll,Chamoli District Collectorate,https://chamoli.gov.in/documents/,,
dist-5-champawat-coll,Champawat District Collectorate,https://champawat.nic.in/documents/,,
dist-5-dehradun-coll,Dehradun District Collectorate,https://dehradun.nic.in/documents/,,
dist-5-haridwar-coll,Haridwar District Collectorate,https://haridwar.nic.in/documents/,,
dist-5-nainital-coll,Nainital District Collectorate,https://nainital.nic.in/documents/,,
dist-5-pauri_garhwal-coll,Pauri Garhwal District Collectorate,https://pauri.nic.in/documents/,,
dist-5-pithoragarh-coll,Pithoragarh District Collectorate,https://pithoragarh.nic.in/documents/,,
dist-5-rudra_prayag-coll,Rudra Prayag District Collectorate,https://rudraprayag.gov.in/documents/,,
dist-5-tehri_garhwal-coll,Tehri Garhwal District Collectorate,https://tehri.nic.in/documents/,,
dist-5-uttar_kashi-coll,Uttar Kashi District Collectorate,,,
dist-19-alipurduar-coll,Alipurduar District Collectorate,https://alipurduar.gov.in/documents/,,
dist-19-bankura-coll,Bankura District Collectorate,https://bankura.gov.in/documents/,,
dist-19-birbhum-coll,Birbhum District Collectorate,https://birbhum.gov.in/documents/,,
dist-19-cooch_behar-coll,Cooch Behar District Collectorate,,,
dist-19-dakshin_dinajpur-coll,Dakshin Dinajpur District Collectorate,https://ddinajpur.nic.in/documents/,,
dist-19-darjeeling-coll,Darjeeling District Collectorate,https://darjeeling.gov.in/documents/,,
dist-19-hooghly-coll,Hooghly District Collectorate,,,
dist-19-howrah-coll,Howrah District Collectorate,,,
dist-19-jalpaiguri-coll,Jalpaiguri District Collectorate,https://jalpaiguri.gov.in/documents/,,
dist-19-jhargram-coll,Jhargram District Collectorate,https://jhargram.gov.in/documents/,,
dist-19-kalimpong-coll,Kalimpong District Collectorate,https://kalimpong.gov.in/documents/,,
dist-19-malda-coll,Malda District Collectorate,https://malda.gov.in/documents/,,
dist-19-murshidabad-coll,Murshidabad District Collectorate,https://murshidabad.gov.in/documents/,,
dist-19-nadia-coll,Nadia District Collectorate,https://nadia.gov.in/documents/,,
dist-19-north_24_parganas-coll,North 24 Parganas District Collectorate,,,
dist-19-paschim_bardhaman-coll,Paschim Bardhaman District Collectorate,https://paschimbardhaman.gov.in/documents/,,
dist-19-paschim_medinipur-coll,Paschim Medinipur District Collectorate,,,
dist-19-purba_bardhaman-coll,Purba Bardhaman District Collectorate,https://purbabardhaman.nic.in/documents/,,
dist-19-purba_medinipur-coll,Purba Medinipur District Collectorate,https://purbamedinipur.gov.in/documents/,,
dist-19-purulia-coll,Purulia District Collectorate,,,
dist-19-south_24_parganas-coll,South 24 Parganas District Collectorate,https://s24pgs.gov.in/documents/,,
dist-19-uttar_dinajpur-coll,Uttar Dinajpur District Collectorate,,,
union-apex-president,President's Secretariat,,,
union-apex-pmo,Prime Minister's Office,https://www.pmindia.gov.in/documents/,https://www.pmindia.gov.in/notice_category/announcement/,
union-apex-cabinet,Cabinet Secretariat,,,
union-apex-vp,Vice President's Secretariat,https://vicepresidentofindia.nic.in/documents/,,
union-leg-loksabha,Lok Sabha (House of the People),,,
union-leg-rajyasabha,Rajya Sabha (Council of States),https://rajyasabha.nic.in/documents/,https://rajyasabha.nic.in/notice_category/announcement/,https://rajyasabha.nic.in/notice_category/notices/
union-leg-gazette,The Gazette of India,,,
union-jud-sc,Supreme Court of India,,,
union-jud-ngt,National Green Tribunal,,,
union-jud-nclat,National Company Law Appellate Tribunal,,,
union-const-eci,Election Commission of India,,,
union-const-cag,Comptroller and Auditor General,,,
union-const-upsc,Union Public Service Commission,,,
union-const-nhrc,National Human Rights Commission,,,
union-const-cic,Central Information Commission,,,
union-min-mha,Ministry of Home Affairs,,,
union-min-mohfw,Ministry of Health and Family Welfare,https://www.mohfw.gov.in/documents/,https://www.mohfw.gov.in/notice_category/announcement/,https://www.mohfw.gov.in/notice_category/notices/
union-min-moe,Ministry of Education,https://www.education.gov.in/en/documents/,,
union-min-morth,Ministry of Road Transport and Highways,,,
union-min-mohua,Ministry of Housing and Urban Affairs,https://mohua.gov.in/documents/,https://mohua.gov.in/notice_category/announcement/,https://mohua.gov.in/notice_category/notices/
union-min-mof,Ministry of Finance,,,
union-min-molaw,Ministry of Law and Justice,,,
union-min-mod,Ministry of Defence,,,
union-min-mea,Ministry of External Affairs,https://www.mea.gov.in/documents/,https://www.mea.gov.in/notice_category/announcement/,https://www.mea.gov.in/notice_category/notices/
union-min-moagri,Ministry of Agriculture and Farmers Welfare,,,
union-min-moenv,Ministry of Environment, Forest and Climate Change,,,
union-min-moci,Ministry of Commerce and Industry,https://commerce.gov.in/documents/,https://commerce.gov.in/notice_category/announcement/,https://commerce.gov.in/notice_category/notices/
union-min-mole,Ministry of Labour and Employment,https://labour.gov.in/documents/,https://labour.gov.in/notice_category/announcement/,https://labour.gov.in/notice_category/notices/
union-min-morail,Ministry of Railways,,,
union-min-mopng,Ministry of Petroleum and Natural Gas,https://mopng.gov.in/en/documents/,https://mopng.gov.in/notice_category/announcement/,https://mopng.gov.in/notice_category/notices/
union-min-mopower,Ministry of Power,,,
union-min-mowr,Ministry of Jal Shakti (Water Resources),https://jalshakti-dowr.gov.in/documents/,https://jalshakti-dowr.gov.in/notice_category/announcement/,https://jalshakti-dowr.gov.in/notice_category/notices/
union-min-moca,Ministry of Civil Aviation,,,
union-min-mosj,Ministry of Social Justice and Empowerment,,,
union-min-mota,Ministry of Tribal Affairs,,,
union-min-mowcd,Ministry of Women and Child Development,,,
union-min-mocf,Ministry of Consumer Affairs, Food and Public Distribution,,,
union-min-meity,Ministry of Electronics and IT,https://www.meity.gov.in/documents/,https://www.meity.gov.in/notice_category/announcement/,https://www.meity.gov.in/notice_category/notices/
union-min-mospi,Ministry of Statistics and Programme Implementation,https://mospi.gov.in/documents/,https://mospi.gov.in/notice_category/announcement/,https://mospi.gov.in/notice_category/notices/
union-strat-isro,Indian Space Research Organisation (ISRO),,,
union-strat-dae,Department of Atomic Energy,https://dae.gov.in/documents/,,
union-strat-drdo,Defence Research and Development Organisation,https://www.drdo.gov.in/documents/,,
union-strat-uidai,Unique Identification Authority of India (UIDAI),,,
sez-gift-city,GIFT City IFSC,,,
sez-noida,Noida Special Economic Zone,,,
sez-cochin,Cochin Special Economic Zone,,,
sez-kandla,Kandla Special Economic Zone,,,
sez-santacruz,SEEPZ Special Economic Zone,,,
sez-falta,Falta Special Economic Zone,,,
sez-madras,Madras Export Processing Zone,,https://mepz.gov.in/notice_category/announcement/,
