{"states":[{"code":35,"name":"Andaman And Nicobar Islands","nameLocal":"ANDAMAN AND NICOBAR ISLANDS"},{"code":28,"name":"Andhra Pradesh","nameLocal":"ANDHRA PRADESH"},{"code":12,"name":"Arunachal Pradesh","nameLocal":"ARUNACHAL PRADESH"},{"code":18,"name":"Assam","nameLocal":"ASSAM"},{"code":10,"name":"Bihar","nameLocal":"BIHAR"},{"code":4,"name":"Chandigarh","nameLocal":"CHANDIGARH"},{"code":22,"name":"Chhattisgarh","nameLocal":"छत्तीसगढ़"},{"code":7,"name":"Delhi","nameLocal":"DELHI"},{"code":30,"name":"Goa","nameLocal":"GOA"},{"code":24,"name":"Gujarat","nameLocal":"GUJARAT"},{"code":6,"name":"Haryana","nameLocal":"HARYANA"},{"code":2,"name":"Himachal Pradesh","nameLocal":"HIMACHAL PRADESH"},{"code":1,"name":"Jammu And Kashmir","nameLocal":"JAMMU AND KASHMIR"},{"code":20,"name":"Jharkhand","nameLocal":"झारखंड"},{"code":29,"name":"Karnataka","nameLocal":"ಕರ್ನಾಟಕ"},{"code":32,"name":"Kerala","nameLocal":"KERALA"},{"code":37,"name":"Ladakh","nameLocal":"Ladakh"},{"code":31,"name":"Lakshadweep","nameLocal":"LAKSHADWEEP"},{"code":23,"name":"Madhya Pradesh","nameLocal":"MADHYA PRADESH"},{"code":27,"name":"Maharashtra","nameLocal":"महाराष्ट्र"},{"code":14,"name":"Manipur","nameLocal":"MANIPUR"},{"code":17,"name":"Meghalaya","nameLocal":"MEGHALAYA"},{"code":15,"name":"Mizoram","nameLocal":"MIZORAM"},{"code":13,"name":"Nagaland","nameLocal":"NAGALAND"},{"code":21,"name":"Odisha","nameLocal":"ODISHA"},{"code":34,"name":"Puducherry","nameLocal":"PUDUCHERRY"},{"code":3,"name":"Punjab","nameLocal":"PUNJAB"},{"code":8,"name":"Rajasthan","nameLocal":"RAJASTHAN"},{"code":11,"name":"Sikkim","nameLocal":"SIKKIM"},{"code":33,"name":"Tamil Nadu","nameLocal":"TAMIL NADU"},{"code":36,"name":"Telangana","nameLocal":"తెలంగాణ"},{"code":38,"name":"The Dadra And Nagar Haveli And Daman And Diu","nameLocal":"THE DADRA AND NAGAR HAVELI AND DAMAN AND DIU"},{"code":16,"name":"Tripura","nameLocal":"ত্রিপুরা"},{"code":9,"name":"Uttar Pradesh","nameLocal":"UTTAR PRADESH"},{"code":5,"name":"Uttarakhand","nameLocal":"UTTARAKHAND"},{"code":19,"name":"West Bengal","nameLocal":"WEST BENGAL"}],"districts":[{"stateCode":1,"code":1,"name":"Anantnag","nameLocal":"ANANTNAG"},{"stateCode":1,"code":623,"name":"Bandipora","nameLocal":"BANDIPORA"},{"stateCode":1,"code":3,"name":"Baramulla","nameLocal":"BARAMULLA"},{"stateCode":1,"code":2,"name":"Budgam","nameLocal":""},{"stateCode":1,"code":4,"name":"Doda","nameLocal":"DODA"},{"stateCode":1,"code":626,"name":"Ganderbal","nameLocal":"GANDERBAL"},{"stateCode":1,"code":5,"name":"Jammu","nameLocal":"JAMMU"},{"stateCode":1,"code":7,"name":"Kathua","nameLocal":"KATHUA"},{"stateCode":1,"code":620,"name":"Kishtwar","nameLocal":""},{"stateCode":1,"code":622,"name":"Kulgam","nameLocal":"KULGAM"},{"stateCode":1,"code":8,"name":"Kupwara","nameLocal":"KUPWARA"},{"stateCode":1,"code":10,"name":"Poonch","nameLocal":"POONCH"},{"stateCode":1,"code":11,"name":"Pulwama","nameLocal":"PULWAMA"},{"stateCode":1,"code":12,"name":"Rajouri","nameLocal":"RAJOURI"},{"stateCode":1,"code":621,"name":"Ramban","nameLocal":"RAMBAN"},{"stateCode":1,"code":627,"name":"Reasi","nameLocal":"REASI"},{"stateCode":1,"code":624,"name":"Samba","nameLocal":"SAMBA"},{"stateCode":1,"code":625,"name":"Shopian","nameLocal":"SHOPIAN"},{"stateCode":1,"code":13,"name":"Srinagar","nameLocal":"SRINAGAR"},{"stateCode":1,"code":14,"name":"Udhampur","nameLocal":"UDHAMPUR"},{"stateCode":2,"code":15,"name":"Bilaspur","nameLocal":"BILASPUR"},{"stateCode":2,"code":16,"name":"Chamba","nameLocal":"CHAMBA"},{"stateCode":2,"code":17,"name":"Hamirpur","nameLocal":"HAMIRPUR"},{"stateCode":2,"code":18,"name":"Kangra","nameLocal":"KANGRA"},{"stateCode":2,"code":19,"name":"Kinnaur","nameLocal":"KINNAUR"},{"stateCode":2,"code":20,"name":"Kullu","nameLocal":"KULLU"},{"stateCode":2,"code":21,"name":"Lahaul And Spiti","nameLocal":"Lahaul and Spiti"},{"stateCode":2,"code":22,"name":"Mandi","nameLocal":"MANDI"},{"stateCode":2,"code":23,"name":"Shimla","nameLocal":"SHIMLA"},{"stateCode":2,"code":24,"name":"Sirmaur","nameLocal":"SIRMAUR"},{"stateCode":2,"code":25,"name":"Solan","nameLocal":"SOLAN"},{"stateCode":2,"code":26,"name":"Una","nameLocal":"UNA"},{"stateCode":3,"code":27,"name":"Amritsar","nameLocal":"AMRITSAR"},{"stateCode":3,"code":605,"name":"Barnala","nameLocal":""},{"stateCode":3,"code":28,"name":"Bathinda","nameLocal":"BATHINDA"},{"stateCode":3,"code":29,"name":"Faridkot","nameLocal":"FARIDKOT"},{"stateCode":3,"code":30,"name":"Fatehgarh Sahib","nameLocal":"FATEHGARH SAHIB"},{"stateCode":3,"code":651,"name":"Fazilka","nameLocal":""},{"stateCode":3,"code":31,"name":"Ferozepur","nameLocal":"FEROZEPUR"},{"stateCode":3,"code":32,"name":"Gurdaspur","nameLocal":"GURDASPUR"},{"stateCode":3,"code":33,"name":"Hoshiarpur","nameLocal":"HOSHIARPUR"},{"stateCode":3,"code":34,"name":"Jalandhar","nameLocal":"JALANDHAR"},{"stateCode":3,"code":35,"name":"Kapurthala","nameLocal":"KAPURTHALA"},{"stateCode":3,"code":36,"name":"Ludhiana","nameLocal":"ਲੂਿਧਆਣਾ"},{"stateCode":3,"code":737,"name":"Malerkotla","nameLocal":""},{"stateCode":3,"code":37,"name":"Mansa","nameLocal":"ਮਾਨਸਾ"},{"stateCode":3,"code":38,"name":"Moga","nameLocal":"MOGA"},{"stateCode":3,"code":662,"name":"Pathankot","nameLocal":"PATHANKOT"},{"stateCode":3,"code":41,"name":"Patiala","nameLocal":"PATIALA"},{"stateCode":3,"code":42,"name":"Rupnagar","nameLocal":"ਰੂਪਨਗਰ"},{"stateCode":3,"code":608,"name":"S.A.S Nagar","nameLocal":""},{"stateCode":3,"code":43,"name":"Sangrur","nameLocal":"SANGRUR"},{"stateCode":3,"code":40,"name":"Shahid Bhagat Singh Nagar","nameLocal":"Shahid Bhagat Singh Nagar"},{"stateCode":3,"code":39,"name":"Sri Muktsar Sahib","nameLocal":"ਸ੍ਰੀ ਮੁਕਤਸਰ ਸਾਹਿਬ"},{"stateCode":3,"code":609,"name":"Tarn Taran","nameLocal":"tarn taran"},{"stateCode":4,"code":44,"name":"Chandigarh","nameLocal":"CHANDIGARH"},{"stateCode":5,"code":45,"name":"Almora","nameLocal":"ALMORA"},{"stateCode":5,"code":46,"name":"Bageshwar","nameLocal":"BAGESHWAR"},{"stateCode":5,"code":47,"name":"Chamoli","nameLocal":"CHAMOLI"},{"stateCode":5,"code":48,"name":"Champawat","nameLocal":"CHAMPAWAT"},{"stateCode":5,"code":49,"name":"Dehradun","nameLocal":"DEHRADUN"},{"stateCode":5,"code":50,"name":"Haridwar","nameLocal":"HARIDWAR"},{"stateCode":5,"code":51,"name":"Nainital","nameLocal":"NAINITAL"},{"stateCode":5,"code":52,"name":"Pauri Garhwal","nameLocal":"PAURI GARHWAL"},{"stateCode":5,"code":53,"name":"Pithoragarh","nameLocal":"PITHORAGARH"},{"stateCode":5,"code":54,"name":"Rudra Prayag","nameLocal":"RUDRA PRAYAG"},{"stateCode":5,"code":55,"name":"Tehri Garhwal","nameLocal":"TEHRI GARHWAL"},{"stateCode":5,"code":56,"name":"Udam Singh Nagar","nameLocal":"UDAM SINGH NAGAR"},{"stateCode":5,"code":57,"name":"Uttar Kashi","nameLocal":"UTTAR KASHI"},{"stateCode":6,"code":58,"name":"Ambala","nameLocal":"AMBALA"},{"stateCode":6,"code":59,"name":"Bhiwani","nameLocal":"BHIWANI"},{"stateCode":6,"code":701,"name":"Charki Dadri","nameLocal":"CHARKI DADRI"},{"stateCode":6,"code":60,"name":"Faridabad","nameLocal":"FARIDABAD"},{"stateCode":6,"code":61,"name":"Fatehabad","nameLocal":"FATEHABAD"},{"stateCode":6,"code":62,"name":"Gurugram","nameLocal":"GURUGRAM"},{"stateCode":6,"code":63,"name":"Hisar","nameLocal":"HISAR"},{"stateCode":6,"code":64,"name":"Jhajjar","nameLocal":"JHAJJAR"},{"stateCode":6,"code":65,"name":"Jind","nameLocal":"JIND"},{"stateCode":6,"code":66,"name":"Kaithal","nameLocal":"KAITHAL"},{"stateCode":6,"code":67,"name":"Karnal","nameLocal":"KARNAL"},{"stateCode":6,"code":68,"name":"Kurukshetra","nameLocal":"KURUKSHETRA"},{"stateCode":6,"code":69,"name":"Mahendragarh","nameLocal":"MAHENDRAGARH"},{"stateCode":6,"code":604,"name":"Nuh","nameLocal":"नूँह"},{"stateCode":6,"code":619,"name":"Palwal","nameLocal":""},{"stateCode":6,"code":70,"name":"Panchkula","nameLocal":"PANCHKULA"},{"stateCode":6,"code":71,"name":"Panipat","nameLocal":"PANIPAT"},{"stateCode":6,"code":72,"name":"Rewari","nameLocal":"REWARI"},{"stateCode":6,"code":73,"name":"Rohtak","nameLocal":"ROHTAK"},{"stateCode":6,"code":74,"name":"Sirsa","nameLocal":"SIRSA"},{"stateCode":6,"code":75,"name":"Sonipat","nameLocal":"SONIPAT"},{"stateCode":6,"code":76,"name":"Yamunanagar","nameLocal":"YAMUNANAGAR"},{"stateCode":7,"code":77,"name":"Central","nameLocal":"CENTRAL"},{"stateCode":7,"code":78,"name":"East","nameLocal":"EAST"},{"stateCode":7,"code":79,"name":"New Delhi","nameLocal":"NEW DELHI"},{"stateCode":7,"code":80,"name":"North","nameLocal":"NORTH"},{"stateCode":7,"code":81,"name":"North East","nameLocal":"NORTH EAST"},{"stateCode":7,"code":82,"name":"North West","nameLocal":"NORTH WEST"},{"stateCode":7,"code":671,"name":"Shahdara","nameLocal":"SHAHDARA"},{"stateCode":7,"code":83,"name":"South","nameLocal":"SOUTH"},{"stateCode":7,"code":670,"name":"South East","nameLocal":"SOUTH EAST"},{"stateCode":7,"code":84,"name":"South West","nameLocal":"SOUTH WEST"},{"stateCode":7,"code":85,"name":"West","nameLocal":"WEST"},{"stateCode":8,"code":86,"name":"Ajmer","nameLocal":"AJMER"},{"stateCode":8,"code":87,"name":"Alwar","nameLocal":"ALWAR"},{"stateCode":8,"code":776,"name":"Anupgarh","nameLocal":"अनूपगढ़"},{"stateCode":8,"code":775,"name":"Balotra","nameLocal":"बालोतरा"},{"stateCode":8,"code":88,"name":"Banswara","nameLocal":"BANSWARA"},{"stateCode":8,"code":89,"name":"Baran","nameLocal":"BARAN"},{"stateCode":8,"code":90,"name":"Barmer","nameLocal":"BARMER"},{"stateCode":8,"code":774,"name":"Beawar","nameLocal":"ब्‍यावर"},{"stateCode":8,"code":91,"name":"Bharatpur","nameLocal":"BHARATPUR"},{"stateCode":8,"code":92,"name":"Bhilwara","nameLocal":"BHILWARA"},{"stateCode":8,"code":93,"name":"Bikaner","nameLocal":"BIKANER"},{"stateCode":8,"code":94,"name":"Bundi","nameLocal":"BUNDI"},{"stateCode":8,"code":95,"name":"Chittorgarh","nameLocal":"CHITTORGARH"},{"stateCode":8,"code":96,"name":"Churu","nameLocal":"CHURU"},{"stateCode":8,"code":97,"name":"Dausa","nameLocal":"DAUSA"},{"stateCode":8,"code":767,"name":"Deeg","nameLocal":"डीग"},{"stateCode":8,"code":98,"name":"Dholpur","nameLocal":"DHOLPUR"},{"stateCode":8,"code":768,"name":"Didwana-Kuchaman","nameLocal":"डीडवाना-कुचामन"},{"stateCode":8,"code":769,"name":"Dudu","nameLocal":"दूदू"},{"stateCode":8,"code":99,"name":"Dungarpur","nameLocal":"DUNGARPUR"},{"stateCode":8,"code":100,"name":"Ganganagar","nameLocal":"GANGANAGAR"},{"stateCode":8,"code":771,"name":"Gangapurcity","nameLocal":"गंगापुरसिटी"},{"stateCode":8,"code":101,"name":"Hanumangarh","nameLocal":"HANUMANGARH"},{"stateCode":8,"code":102,"name":"Jaipur","nameLocal":"JAIPUR"},{"stateCode":8,"code":783,"name":"Jaipur (Gramin)","nameLocal":"जयपुर (ग्रामीण)"},{"stateCode":8,"code":103,"name":"Jaisalmer","nameLocal":"JAISALMER"},{"stateCode":8,"code":104,"name":"Jalore","nameLocal":"JALORE"},{"stateCode":8,"code":105,"name":"Jhalawar","nameLocal":"JHALAWAR"},{"stateCode":8,"code":106,"name":"Jhunjhunu","nameLocal":"JHUNJHUNU"},{"stateCode":8,"code":107,"name":"Jodhpur","nameLocal":"JODHPUR"},{"stateCode":8,"code":778,"name":"Jodhpur (Gramin)","nameLocal":"जोधपुर (ग्रामीण)"},{"stateCode":8,"code":108,"name":"Karauli","nameLocal":"KARAULI"},{"stateCode":8,"code":781,"name":"Kekri","nameLocal":"केकड़ी"},{"stateCode":8,"code":770,"name":"Khairthal-Tijara","nameLocal":"खैरथल-तिजारा"},{"stateCode":8,"code":109,"name":"Kota","nameLocal":"KOTA"},{"stateCode":8,"code":782,"name":"Kotputli-Behror","nameLocal":"कोटपूतली-बहरोड"},{"stateCode":8,"code":110,"name":"Nagaur","nameLocal":"NAGAUR"},{"stateCode":8,"code":773,"name":"Neem Ka Thana","nameLocal":"नीम का थाना"},{"stateCode":8,"code":111,"name":"Pali","nameLocal":"PALI"},{"stateCode":8,"code":772,"name":"Phalodi","nameLocal":"फलाैदी"},{"stateCode":8,"code":629,"name":"Pratapgarh","nameLocal":"PRATAPGARH"},{"stateCode":8,"code":112,"name":"Rajsamand","nameLocal":"RAJSAMAND"},{"stateCode":8,"code":777,"name":"Salumbar","nameLocal":"सलूम्‍बर"},{"stateCode":8,"code":779,"name":"Sanchore","nameLocal":"सांचौर"},{"stateCode":8,"code":113,"name":"Sawai Madhopur","nameLocal":"SAWAI MADHOPUR"},{"stateCode":8,"code":780,"name":"Shahpura","nameLocal":"शाहपुरा"},{"stateCode":8,"code":114,"name":"Sikar","nameLocal":"SIKAR"},{"stateCode":8,"code":115,"name":"Sirohi","nameLocal":"SIROHI"},{"stateCode":8,"code":116,"name":"Tonk","nameLocal":"TONK"},{"stateCode":8,"code":117,"name":"Udaipur","nameLocal":"UDAIPUR"},{"stateCode":9,"code":118,"name":"Agra","nameLocal":"AGRA"},{"stateCode":9,"code":119,"name":"Aligarh","nameLocal":"ALIGARH"},{"stateCode":9,"code":121,"name":"Ambedkar Nagar","nameLocal":"AMBEDKAR NAGAR"},{"stateCode":9,"code":640,"name":"Amethi","nameLocal":"Amethi"},{"stateCode":9,"code":154,"name":"Amroha","nameLocal":"AMROHA"},{"stateCode":9,"code":122,"name":"Auraiya","nameLocal":"AURAIYA"},{"stateCode":9,"code":140,"name":"Ayodhya","nameLocal":"AYODHYA"},{"stateCode":9,"code":123,"name":"Azamgarh","nameLocal":"AZAMGARH"},{"stateCode":9,"code":124,"name":"Baghpat","nameLocal":"BAGHPAT"},{"stateCode":9,"code":125,"name":"Bahraich","nameLocal":"BAHRAICH"},{"stateCode":9,"code":126,"name":"Ballia","nameLocal":"BALLIA"},{"stateCode":9,"code":127,"name":"Balrampur","nameLocal":"BALRAMPUR"},{"stateCode":9,"code":128,"name":"Banda","nameLocal":"BANDA"},{"stateCode":9,"code":129,"name":"Bara Banki","nameLocal":"BARA BANKI"},{"stateCode":9,"code":130,"name":"Bareilly","nameLocal":"BAREILLY"},{"stateCode":9,"code":131,"name":"Basti","nameLocal":"BASTI"},{"stateCode":9,"code":179,"name":"Bhadohi","nameLocal":"BHADOHI"},{"stateCode":9,"code":132,"name":"Bijnor","nameLocal":"BIJNOR"},{"stateCode":9,"code":133,"name":"Budaun","nameLocal":"BUDAUN"},{"stateCode":9,"code":134,"name":"Bulandshahr","nameLocal":"BULANDSHAHR"},{"stateCode":9,"code":135,"name":"Chandauli","nameLocal":"CHANDAULI"},{"stateCode":9,"code":136,"name":"Chitrakoot","nameLocal":"CHITRAKOOT"},{"stateCode":9,"code":137,"name":"Deoria","nameLocal":"DEORIA"},{"stateCode":9,"code":138,"name":"Etah","nameLocal":"ETAH"},{"stateCode":9,"code":139,"name":"Etawah","nameLocal":"ETAWAH"},{"stateCode":9,"code":141,"name":"Farrukhabad","nameLocal":"FARRUKHABAD"},{"stateCode":9,"code":142,"name":"Fatehpur","nameLocal":"FATEHPUR"},{"stateCode":9,"code":143,"name":"Firozabad","nameLocal":"FIROZABAD"},{"stateCode":9,"code":144,"name":"Gautam Buddha Nagar","nameLocal":"GAUTAM BUDDHA NAGAR"},{"stateCode":9,"code":145,"name":"Ghaziabad","nameLocal":"GHAZIABAD"},{"stateCode":9,"code":146,"name":"Ghazipur","nameLocal":"GHAZIPUR"},{"stateCode":9,"code":147,"name":"Gonda","nameLocal":"GONDA"},{"stateCode":9,"code":148,"name":"Gorakhpur","nameLocal":"GORAKHPUR"},{"stateCode":9,"code":149,"name":"Hamirpur","nameLocal":"HAMIRPUR"},{"stateCode":9,"code":661,"name":"Hapur","nameLocal":"HAPUR"},{"stateCode":9,"code":150,"name":"Hardoi","nameLocal":"HARDOI"},{"stateCode":9,"code":163,"name":"Hathras","nameLocal":"HATHRAS"},{"stateCode":9,"code":151,"name":"Jalaun","nameLocal":"JALAUN"},{"stateCode":9,"code":152,"name":"Jaunpur","nameLocal":"JAUNPUR"},{"stateCode":9,"code":153,"name":"Jhansi","nameLocal":"JHANSI"},{"stateCode":9,"code":155,"name":"Kannauj","nameLocal":"KANNAUJ"},{"stateCode":9,"code":156,"name":"Kanpur Dehat","nameLocal":"KANPUR DEHAT"},{"stateCode":9,"code":157,"name":"Kanpur Nagar","nameLocal":"KANPUR NAGAR"},{"stateCode":9,"code":633,"name":"Kasganj","nameLocal":"Kasganj"},{"stateCode":9,"code":158,"name":"Kaushambi","nameLocal":"KAUSHAMBI"},{"stateCode":9,"code":159,"name":"Kheri","nameLocal":"KHERI"},{"stateCode":9,"code":160,"name":"Kushinagar","nameLocal":"KUSHINAGAR"},{"stateCode":9,"code":161,"name":"Lalitpur","nameLocal":"LALITPUR"},{"stateCode":9,"code":162,"name":"Lucknow","nameLocal":"LUCKNOW"},{"stateCode":9,"code":165,"name":"Mahoba","nameLocal":"MAHOBA"},{"stateCode":9,"code":164,"name":"Mahrajganj","nameLocal":"MAHRAJGANJ"},{"stateCode":9,"code":166,"name":"Mainpuri","nameLocal":"MAINPURI"},{"stateCode":9,"code":167,"name":"Mathura","nameLocal":"MATHURA"},{"stateCode":9,"code":168,"name":"Mau","nameLocal":"MAU"},{"stateCode":9,"code":169,"name":"Meerut","nameLocal":"MEERUT"},{"stateCode":9,"code":170,"name":"Mirzapur","nameLocal":"मिर्ज़ापुर"},{"stateCode":9,"code":171,"name":"Moradabad","nameLocal":"MORADABAD"},{"stateCode":9,"code":172,"name":"Muzaffarnagar","nameLocal":"MUZAFFARNAGAR"},{"stateCode":9,"code":173,"name":"Pilibhit","nameLocal":"PILIBHIT"},{"stateCode":9,"code":174,"name":"Pratapgarh","nameLocal":"PRATAPGARH"},{"stateCode":9,"code":120,"name":"Prayagraj","nameLocal":"PRAYAGRAJ"},{"stateCode":9,"code":175,"name":"Rae Bareli","nameLocal":"RAE BARELI"},{"stateCode":9,"code":176,"name":"Rampur","nameLocal":"RAMPUR"},{"stateCode":9,"code":177,"name":"Saharanpur","nameLocal":"SAHARANPUR"},{"stateCode":9,"code":659,"name":"Sambhal","nameLocal":"SAMBHAL"},{"stateCode":9,"code":178,"name":"Sant Kabir Nagar","nameLocal":"SANT KABIR NAGAR"},{"stateCode":9,"code":180,"name":"Shahjahanpur","nameLocal":"SHAHJAHANPUR"},{"stateCode":9,"code":660,"name":"Shamli","nameLocal":"SHAMLI"},{"stateCode":9,"code":181,"name":"Shrawasti","nameLocal":"SHRAWASTI"},{"stateCode":9,"code":182,"name":"Siddharthnagar","nameLocal":"SIDDHARTHNAGAR"},{"stateCode":9,"code":183,"name":"Sitapur","nameLocal":"SITAPUR"},{"stateCode":9,"code":184,"name":"Sonbhadra","nameLocal":"SONBHADRA"},{"stateCode":9,"code":185,"name":"Sultanpur","nameLocal":"SULTANPUR"},{"stateCode":9,"code":186,"name":"Unnao","nameLocal":"UNNAO"},{"stateCode":9,"code":187,"name":"Varanasi","nameLocal":"VARANASI"},{"stateCode":10,"code":188,"name":"Araria","nameLocal":"अररिया"},{"stateCode":10,"code":611,"name":"Arwal","nameLocal":"अरवल"},{"stateCode":10,"code":189,"name":"Aurangabad","nameLocal":"औरंगाबाद"},{"stateCode":10,"code":190,"name":"Banka","nameLocal":"बांका"},{"stateCode":10,"code":191,"name":"Begusarai","nameLocal":"बेगूसराय"},{"stateCode":10,"code":192,"name":"Bhagalpur","nameLocal":"भागलपुर"},{"stateCode":10,"code":193,"name":"Bhojpur","nameLocal":"भोजपुर"},{"stateCode":10,"code":194,"name":"Buxar","nameLocal":"बक्सर"},{"stateCode":10,"code":195,"name":"Darbhanga","nameLocal":"दरभंगा"},{"stateCode":10,"code":196,"name":"Gaya","nameLocal":"गया"},{"stateCode":10,"code":197,"name":"Gopalganj","nameLocal":"गोपालगंज"},{"stateCode":10,"code":198,"name":"Jamui","nameLocal":"जमुई"},{"stateCode":10,"code":199,"name":"Jehanabad","nameLocal":"जहानाबाद"},{"stateCode":10,"code":200,"name":"Kaimur (Bhabua)","nameLocal":"कैमूर ( भभुआ )"},{"stateCode":10,"code":201,"name":"Katihar","nameLocal":"कटिहार"},{"stateCode":10,"code":202,"name":"Khagaria","nameLocal":"खगड़िया"},{"stateCode":10,"code":203,"name":"Kishanganj","nameLocal":"किशनगंज"},{"stateCode":10,"code":204,"name":"Lakhisarai","nameLocal":"लखीसराय"},{"stateCode":10,"code":205,"name":"Madhepura","nameLocal":"मधेपुरा"},{"stateCode":10,"code":206,"name":"Madhubani","nameLocal":"मधुबनी"},{"stateCode":10,"code":207,"name":"Munger","nameLocal":"मुंगेर"},{"stateCode":10,"code":208,"name":"Muzaffarpur","nameLocal":"मुजफ्फरपुर"},{"stateCode":10,"code":209,"name":"Nalanda","nameLocal":"नालंदा"},{"stateCode":10,"code":210,"name":"Nawada","nameLocal":"नवादा"},{"stateCode":10,"code":211,"name":"Pashchim Champaran","nameLocal":"पश्चिम चम्पारण"},{"stateCode":10,"code":212,"name":"Patna","nameLocal":"पटना"},{"stateCode":10,"code":213,"name":"Purbi Champaran","nameLocal":"पूर्वी चंपारण"},{"stateCode":10,"code":214,"name":"Purnia","nameLocal":"पूर्णिया"},{"stateCode":10,"code":215,"name":"Rohtas","nameLocal":"रोहतास"},{"stateCode":10,"code":216,"name":"Saharsa","nameLocal":"सहरसा"},{"stateCode":10,"code":217,"name":"Samastipur","nameLocal":"समस्तीपुर"},{"stateCode":10,"code":218,"name":"Saran","nameLocal":"सारण"},{"stateCode":10,"code":219,"name":"Sheikhpura","nameLocal":"शेखपुरा"},{"stateCode":10,"code":220,"name":"Sheohar","nameLocal":"शिवहर"},{"stateCode":10,"code":221,"name":"Sitamarhi","nameLocal":"सीतामढी"},{"stateCode":10,"code":222,"name":"Siwan","nameLocal":"सिवान"},{"stateCode":10,"code":223,"name":"Supaul","nameLocal":"सुपौल"},{"stateCode":10,"code":224,"name":"Vaishali","nameLocal":"वैशाली"},{"stateCode":11,"code":225,"name":"Gangtok","nameLocal":"Gangtok"},{"stateCode":11,"code":228,"name":"Gyalshing","nameLocal":"Gyalshing"},{"stateCode":11,"code":226,"name":"Mangan","nameLocal":"Mangan"},{"stateCode":11,"code":227,"name":"Namchi","nameLocal":"Namchi"},{"stateCode":11,"code":741,"name":"Pakyong","nameLocal":"Pakyong"},{"stateCode":11,"code":742,"name":"Soreng","nameLocal":"Soreng"},{"stateCode":12,"code":628,"name":"Anjaw","nameLocal":""},{"stateCode":12,"code":229,"name":"Changlang","nameLocal":"CHANGLANG"},{"stateCode":12,"code":230,"name":"Dibang Valley","nameLocal":"DIBANG VALLEY"},{"stateCode":12,"code":231,"name":"East Kameng","nameLocal":"EAST KAMENG"},{"stateCode":12,"code":232,"name":"East Siang","nameLocal":"EAST SIANG"},{"stateCode":12,"code":718,"name":"Kamle","nameLocal":"KAMLE"},{"stateCode":12,"code":677,"name":"Kra Daadi","nameLocal":"KRA DAADI"},{"stateCode":12,"code":233,"name":"Kurung Kumey","nameLocal":"KURUNG KUMEY"},{"stateCode":12,"code":724,"name":"Leparada","nameLocal":"LEPARADA"},{"stateCode":12,"code":234,"name":"Lohit","nameLocal":"LOHIT"},{"stateCode":12,"code":666,"name":"Longding","nameLocal":"LONGDING"},{"stateCode":12,"code":235,"name":"Lower Dibang Valley","nameLocal":"LOWER DIBANG VALLEY"},{"stateCode":12,"code":719,"name":"Lower Siang","nameLocal":"LOWER SIANG"},{"stateCode":12,"code":236,"name":"Lower Subansiri","nameLocal":"LOWER SUBANSIRI"},{"stateCode":12,"code":678,"name":"Namsai","nameLocal":""},{"stateCode":12,"code":723,"name":"Pakke Kessang","nameLocal":"PAKKE KESSANG"},{"stateCode":12,"code":237,"name":"Papum Pare","nameLocal":"PAPUM PARE"},{"stateCode":12,"code":725,"name":"Shi Yomi","nameLocal":"SHI YOMI"},{"stateCode":12,"code":679,"name":"Siang","nameLocal":""},{"stateCode":12,"code":238,"name":"Tawang","nameLocal":"TAWANG"},{"stateCode":12,"code":239,"name":"Tirap","nameLocal":"TIRAP"},{"stateCode":12,"code":240,"name":"Upper Siang","nameLocal":"UPPER SIANG"},{"stateCode":12,"code":241,"name":"Upper Subansiri","nameLocal":"UPPER SUBANSIRI"},{"stateCode":12,"code":242,"name":"West Kameng","nameLocal":"WEST KAMENG"},{"stateCode":12,"code":243,"name":"West Siang","nameLocal":"WEST SIANG"},{"stateCode":13,"code":758,"name":"Chumoukedima","nameLocal":"Chumoukedima"},{"stateCode":13,"code":244,"name":"Dimapur","nameLocal":"DIMAPUR"},{"stateCode":13,"code":614,"name":"Kiphire","nameLocal":""},{"stateCode":13,"code":245,"name":"Kohima","nameLocal":"KOHIMA"},{"stateCode":13,"code":615,"name":"Longleng","nameLocal":""},{"stateCode":13,"code":246,"name":"Mokokchung","nameLocal":"MOKOKCHUNG"},{"stateCode":13,"code":247,"name":"Mon","nameLocal":"MON"},{"stateCode":13,"code":764,"name":"Niuland","nameLocal":"Niuland"},{"stateCode":13,"code":736,"name":"Noklak","nameLocal":"Noklak"},{"stateCode":13,"code":613,"name":"Peren","nameLocal":""},{"stateCode":13,"code":248,"name":"Phek","nameLocal":"PHEK"},{"stateCode":13,"code":765,"name":"Shamator","nameLocal":"Shamator"},{"stateCode":13,"code":757,"name":"Tseminyu","nameLocal":"Tseminyu"},{"stateCode":13,"code":249,"name":"Tuensang","nameLocal":"TUENSANG"},{"stateCode":13,"code":250,"name":"Wokha","nameLocal":"WOKHA"},{"stateCode":13,"code":251,"name":"Zunheboto","nameLocal":"ZUNHEBOTO"},{"stateCode":14,"code":252,"name":"Bishnupur","nameLocal":"BISHNUPUR"},{"stateCode":14,"code":253,"name":"Chandel","nameLocal":"CHANDEL"},{"stateCode":14,"code":254,"name":"Churachandpur","nameLocal":"CHURACHANDPUR"},{"stateCode":14,"code":255,"name":"Imphal East","nameLocal":"IMPHAL EAST"},{"stateCode":14,"code":256,"name":"Imphal West","nameLocal":"IMPHAL WEST"},{"stateCode":14,"code":713,"name":"Jiribam","nameLocal":""},{"stateCode":14,"code":711,"name":"Kakching","nameLocal":""},{"stateCode":14,"code":717,"name":"Kamjong","nameLocal":""},{"stateCode":14,"code":712,"name":"Kangpokpi","nameLocal":""},{"stateCode":14,"code":714,"name":"Noney","nameLocal":"NONEY"},{"stateCode":14,"code":715,"name":"Pherzawl","nameLocal":""},{"stateCode":14,"code":257,"name":"Senapati","nameLocal":"SENAPATI"},{"stateCode":14,"code":258,"name":"Tamenglong","nameLocal":"TAMENGLONG"},{"stateCode":14,"code":716,"name":"Tengnoupal","nameLocal":"TENGNOUPAL"},{"stateCode":14,"code":259,"name":"Thoubal","nameLocal":"THOUBAL"},{"stateCode":14,"code":260,"name":"Ukhrul","nameLocal":"UKHRUL"},{"stateCode":15,"code":261,"name":"Aizawl","nameLocal":"AIZAWL"},{"stateCode":15,"code":262,"name":"Champhai","nameLocal":"CHAMPHAI"},{"stateCode":15,"code":726,"name":"Hnahthial","nameLocal":""},{"stateCode":15,"code":728,"name":"Khawzawl","nameLocal":"KHAWZAWL"},{"stateCode":15,"code":263,"name":"Kolasib","nameLocal":"KOLASIB"},{"stateCode":15,"code":264,"name":"Lawngtlai","nameLocal":"LAWNGTLAI"},{"stateCode":15,"code":265,"name":"Lunglei","nameLocal":"LUNGLEI"},{"stateCode":15,"code":266,"name":"Mamit","nameLocal":"MAMIT"},{"stateCode":15,"code":727,"name":"Saitual","nameLocal":"SAITUAL"},{"stateCode":15,"code":268,"name":"Serchhip","nameLocal":"SERCHHIP"},{"stateCode":15,"code":267,"name":"Siaha","nameLocal":"Siaha"},{"stateCode":16,"code":269,"name":"Dhalai","nameLocal":"ধলাই"},{"stateCode":16,"code":654,"name":"Gomati","nameLocal":"গোমতি"},{"stateCode":16,"code":652,"name":"Khowai","nameLocal":"খোয়াই"},{"stateCode":16,"code":270,"name":"North Tripura","nameLocal":"উত্তর ত্রিপুরা"},{"stateCode":16,"code":653,"name":"Sepahijala","nameLocal":"সিপাহিজলা"},{"stateCode":16,"code":271,"name":"South Tripura","nameLocal":"দক্ষিন ত্রিপুরা"},{"stateCode":16,"code":655,"name":"Unakoti","nameLocal":"ঊনকোটি"},{"stateCode":16,"code":272,"name":"West Tripura","nameLocal":"পশ্চিম ত্রিপুরা"},{"stateCode":17,"code":273,"name":"East Garo Hills","nameLocal":"EAST GARO HILLS"},{"stateCode":17,"code":657,"name":"East Jaintia Hills","nameLocal":"EAST JAINTIA HILLS"},{"stateCode":17,"code":274,"name":"East Khasi Hills","nameLocal":"EAST KHASI HILLS"},{"stateCode":17,"code":740,"name":"Eastern West Khasi Hills","nameLocal":""},{"stateCode":17,"code":656,"name":"North Garo Hills","nameLocal":"NORTH GARO HILLS"},{"stateCode":17,"code":276,"name":"Ri Bhoi","nameLocal":"RI BHOI"},{"stateCode":17,"code":277,"name":"South Garo Hills","nameLocal":"SOUTH GARO HILLS"},{"stateCode":17,"code":663,"name":"South West Garo Hills","nameLocal":"SOUTH WEST GARO HILLS"},{"stateCode":17,"code":658,"name":"South West Khasi Hills","nameLocal":"SOUTH WEST KHASI HILLS"},{"stateCode":17,"code":278,"name":"West Garo Hills","nameLocal":"WEST GARO HILLS"},{"stateCode":17,"code":275,"name":"West Jaintia Hills","nameLocal":"WEST JAINTIA HILLS"},{"stateCode":17,"code":279,"name":"West Khasi Hills","nameLocal":"WEST KHASI HILLS"},{"stateCode":18,"code":739,"name":"Bajali","nameLocal":""},{"stateCode":18,"code":616,"name":"Baksa","nameLocal":""},{"stateCode":18,"code":280,"name":"Barpeta","nameLocal":"BARPETA"},{"stateCode":18,"code":705,"name":"Biswanath","nameLocal":""},{"stateCode":18,"code":281,"name":"Bongaigaon","nameLocal":"BONGAIGAON"},{"stateCode":18,"code":282,"name":"Cachar","nameLocal":"CACHAR"},{"stateCode":18,"code":708,"name":"Charaideo","nameLocal":""},{"stateCode":18,"code":612,"name":"Chirang","nameLocal":""},{"stateCode":18,"code":283,"name":"Darrang","nameLocal":"DARRANG"},{"stateCode":18,"code":284,"name":"Dhemaji","nameLocal":"DHEMAJI"},{"stateCode":18,"code":285,"name":"Dhubri","nameLocal":"DHUBURI"},{"stateCode":18,"code":286,"name":"Dibrugarh","nameLocal":"DIBRUGARH"},{"stateCode":18,"code":299,"name":"Dima Hasao","nameLocal":"DIMA HASAO"},{"stateCode":18,"code":287,"name":"Goalpara","nameLocal":"GOALPARA"},{"stateCode":18,"code":288,"name":"Golaghat","nameLocal":"GOLAGHAT"},{"stateCode":18,"code":289,"name":"Hailakandi","nameLocal":"HAILAKANDI"},{"stateCode":18,"code":709,"name":"Hojai","nameLocal":""},{"stateCode":18,"code":290,"name":"Jorhat","nameLocal":"JORHAT"},{"stateCode":18,"code":291,"name":"Kamrup","nameLocal":"KAMRUP"},{"stateCode":18,"code":618,"name":"Kamrup Metro","nameLocal":"KAMRUP MOHANAGAR"},{"stateCode":18,"code":292,"name":"Karbi Anglong","nameLocal":"KARBI ANGLONG"},{"stateCode":18,"code":293,"name":"Karimganj","nameLocal":"KARIMGANJ"},{"stateCode":18,"code":294,"name":"Kokrajhar","nameLocal":"KOKRAJHAR"},{"stateCode":18,"code":295,"name":"Lakhimpur","nameLocal":"LAKHIMPUR"},{"stateCode":18,"code":706,"name":"Majuli","nameLocal":""},{"stateCode":18,"code":296,"name":"Marigaon","nameLocal":"MARIGAON"},{"stateCode":18,"code":297,"name":"Nagaon","nameLocal":"NAGAON"},{"stateCode":18,"code":298,"name":"Nalbari","nameLocal":"NALBARI"},{"stateCode":18,"code":300,"name":"Sivasagar","nameLocal":"SIVASAGAR"},{"stateCode":18,"code":301,"name":"Sonitpur","nameLocal":"SONITPUR"},{"stateCode":18,"code":707,"name":"South Salmara Mancachar","nameLocal":""},{"stateCode":18,"code":756,"name":"Tamulpur","nameLocal":""},{"stateCode":18,"code":302,"name":"Tinsukia","nameLocal":"TINSUKIA"},{"stateCode":18,"code":617,"name":"Udalguri","nameLocal":""},{"stateCode":18,"code":710,"name":"West Karbi Anglong","nameLocal":""},{"stateCode":19,"code":664,"name":"Alipurduar","nameLocal":""},{"stateCode":19,"code":305,"name":"Bankura","nameLocal":"BANKURA"},{"stateCode":19,"code":307,"name":"Birbhum","nameLocal":"BIRBHUM"},{"stateCode":19,"code":308,"name":"Cooch Behar","nameLocal":"COOCH BEHAR"},{"stateCode":19,"code":310,"name":"Dakshin Dinajpur","nameLocal":"DAKSHIN DINAJPUR"},{"stateCode":19,"code":309,"name":"Darjeeling","nameLocal":"DARJEELING"},{"stateCode":19,"code":312,"name":"Hooghly","nameLocal":"HOOGHLY"},{"stateCode":19,"code":313,"name":"Howrah","nameLocal":"HOWRAH"},{"stateCode":19,"code":314,"name":"Jalpaiguri","nameLocal":"JALPAIGURI"},{"stateCode":19,"code":703,"name":"Jhargram","nameLocal":"Jhargram"},{"stateCode":19,"code":702,"name":"Kalimpong","nameLocal":"KALIMPONG"},{"stateCode":19,"code":315,"name":"Kolkata","nameLocal":"KOLKATA"},{"stateCode":19,"code":316,"name":"Malda","nameLocal":"MALDA"},{"stateCode":19,"code":319,"name":"Murshidabad","nameLocal":"MURSHIDABAD"},{"stateCode":19,"code":320,"name":"Nadia","nameLocal":"NADIA"},{"stateCode":19,"code":303,"name":"North 24 Parganas","nameLocal":"NORTH TWENTY FOUR PARGANAS"},{"stateCode":19,"code":704,"name":"Paschim Bardhaman","nameLocal":"PASCHIM BARDHAMAN"},{"stateCode":19,"code":318,"name":"Paschim Medinipur","nameLocal":"PASCHIM MEDINIPUR"},{"stateCode":19,"code":306,"name":"Purba Bardhaman","nameLocal":"PURBA BARDHAMAN"},{"stateCode":19,"code":317,"name":"Purba Medinipur","nameLocal":"PURBA MEDINIPUR"},{"stateCode":19,"code":321,"name":"Purulia","nameLocal":"PURULIA"},{"stateCode":19,"code":304,"name":"South 24 Parganas","nameLocal":"SOUTH 24 Parganas"},{"stateCode":19,"code":311,"name":"Uttar Dinajpur","nameLocal":"UTTAR DINAJPUR"},{"stateCode":20,"code":322,"name":"Bokaro","nameLocal":"बोकारो"},{"stateCode":20,"code":323,"name":"Chatra","nameLocal":"चतरा"},{"stateCode":20,"code":324,"name":"Deoghar","nameLocal":"देवघर"},{"stateCode":20,"code":325,"name":"Dhanbad","nameLocal":"धनबाद"},{"stateCode":20,"code":326,"name":"Dumka","nameLocal":"दुमका"},{"stateCode":20,"code":327,"name":"East Singhbum","nameLocal":"पूर्वी सिंघभूम"},{"stateCode":20,"code":328,"name":"Garhwa","nameLocal":"गढ़वा"},{"stateCode":20,"code":329,"name":"Giridih","nameLocal":"गिरिडीह"},{"stateCode":20,"code":330,"name":"Godda","nameLocal":"गोड्डा"},{"stateCode":20,"code":331,"name":"Gumla","nameLocal":"गुमला"},{"stateCode":20,"code":332,"name":"Hazaribagh","nameLocal":"हज़ारीबाग"},{"stateCode":20,"code":333,"name":"Jamtara","nameLocal":"जामताड़ा"},{"stateCode":20,"code":606,"name":"Khunti","nameLocal":"खूंटी"},{"stateCode":20,"code":334,"name":"Koderma","nameLocal":"कोडरमा"},{"stateCode":20,"code":335,"name":"Latehar","nameLocal":"लातेहार"},{"stateCode":20,"code":336,"name":"Lohardaga","nameLocal":"लोहरदगा"},{"stateCode":20,"code":337,"name":"Pakur","nameLocal":"पाकुर"},{"stateCode":20,"code":338,"name":"Palamu","nameLocal":"पलामू"},{"stateCode":20,"code":607,"name":"Ramgarh","nameLocal":"रामगढ़"},{"stateCode":20,"code":339,"name":"Ranchi","nameLocal":"रांची"},{"stateCode":20,"code":340,"name":"Sahebganj","nameLocal":"साहेबगंज"},{"stateCode":20,"code":341,"name":"Saraikela Kharsawan","nameLocal":"सरायकेला खरसावां"},{"stateCode":20,"code":342,"name":"Simdega","nameLocal":"सिमडेगा"},{"stateCode":20,"code":343,"name":"West Singhbhum","nameLocal":"पश्चिमी सिंघभूम"},{"stateCode":21,"code":344,"name":"Anugul","nameLocal":"ANUGUL"},{"stateCode":21,"code":345,"name":"Balangir","nameLocal":"BALANGIR"},{"stateCode":21,"code":346,"name":"Baleshwar","nameLocal":"BALESHWAR"},{"stateCode":21,"code":347,"name":"Bargarh","nameLocal":"BARGARH"},{"stateCode":21,"code":348,"name":"Bhadrak","nameLocal":"BHADRAK"},{"stateCode":21,"code":349,"name":"Boudh","nameLocal":"BOUDH"},{"stateCode":21,"code":350,"name":"Cuttack","nameLocal":"CUTTACK"},{"stateCode":21,"code":351,"name":"Deogarh","nameLocal":"DEOGARH"},{"stateCode":21,"code":352,"name":"Dhenkanal","nameLocal":"DHENKANAL"},{"stateCode":21,"code":353,"name":"Gajapati","nameLocal":"GAJAPATI"},{"stateCode":21,"code":354,"name":"Ganjam","nameLocal":"GANJAM"},{"stateCode":21,"code":355,"name":"Jagatsinghapur","nameLocal":"JAGATSINGHAPUR"},{"stateCode":21,"code":356,"name":"Jajapur","nameLocal":"JAJAPUR"},{"stateCode":21,"code":357,"name":"Jharsuguda","nameLocal":"JHARSUGUDA"},{"stateCode":21,"code":358,"name":"Kalahandi","nameLocal":"KALAHANDI"},{"stateCode":21,"code":359,"name":"Kandhamal","nameLocal":"KANDHAMAL"},{"stateCode":21,"code":360,"name":"Kendrapara","nameLocal":"KENDRAPARA"},{"stateCode":21,"code":361,"name":"Kendujhar","nameLocal":"KENDUJHAR"},{"stateCode":21,"code":362,"name":"Khordha","nameLocal":"KHORDHA"},{"stateCode":21,"code":363,"name":"Koraput","nameLocal":"KORAPUT"},{"stateCode":21,"code":364,"name":"Malkangiri","nameLocal":"MALKANGIRI"},{"stateCode":21,"code":365,"name":"Mayurbhanj","nameLocal":"MAYURBHANJ"},{"stateCode":21,"code":366,"name":"Nabarangpur","nameLocal":"NABARANGPUR"},{"stateCode":21,"code":367,"name":"Nayagarh","nameLocal":"NAYAGARH"},{"stateCode":21,"code":368,"name":"Nuapada","nameLocal":"NUAPADA"},{"stateCode":21,"code":369,"name":"Puri","nameLocal":"PURI"},{"stateCode":21,"code":370,"name":"Rayagada","nameLocal":"RAYAGADA"},{"stateCode":21,"code":371,"name":"Sambalpur","nameLocal":"SAMBALPUR"},{"stateCode":21,"code":372,"name":"Sonepur","nameLocal":"SONEPUR"},{"stateCode":21,"code":373,"name":"Sundargarh","nameLocal":"SUNDARGARH"},{"stateCode":22,"code":646,"name":"Balod","nameLocal":"बालोद"},{"stateCode":22,"code":644,"name":"Balodabazar-Bhatapara","nameLocal":"बलौदाबाजार-भाटापारा"},{"stateCode":22,"code":649,"name":"Balrampur-Ramanujganj","nameLocal":"बलरामपुर-रामानुजगंज"},{"stateCode":22,"code":374,"name":"Bastar","nameLocal":"बस्तर"},{"stateCode":22,"code":650,"name":"Bemetara","nameLocal":"बेमेतरा"},{"stateCode":22,"code":636,"name":"Bijapur","nameLocal":"बीजापुर"},{"stateCode":22,"code":375,"name":"Bilaspur","nameLocal":"बिलासपुर"},{"stateCode":22,"code":376,"name":"Dakshin Bastar Dantewada","nameLocal":"दक्षिण बस्तर दंतेवाड़ा"},{"stateCode":22,"code":377,"name":"Dhamtari","nameLocal":"धमतरी"},{"stateCode":22,"code":378,"name":"Durg","nameLocal":"दुर्ग"},{"stateCode":22,"code":645,"name":"Gariyaband","nameLocal":"गरियाबंद"},{"stateCode":22,"code":734,"name":"Gaurela-Pendra-Marwahi","nameLocal":"गौरेला-पेंड्रा-मरवाही"},{"stateCode":22,"code":379,"name":"Janjgir-Champa","nameLocal":"जांजगीर - चाम्पा"},{"stateCode":22,"code":380,"name":"Jashpur","nameLocal":"जशपुर"},{"stateCode":22,"code":382,"name":"Kabeerdham","nameLocal":"कबीरधाम"},{"stateCode":22,"code":759,"name":"Khairagarh-Chhuikhadan-Gandai","nameLocal":"खैरागढ़-छुईखदान-गंडई"},{"stateCode":22,"code":643,"name":"Kondagaon","nameLocal":"कोंडागांव"},{"stateCode":22,"code":383,"name":"Korba","nameLocal":"कोरबा"},{"stateCode":22,"code":384,"name":"Korea","nameLocal":"कोरिया"},{"stateCode":22,"code":385,"name":"Mahasamund","nameLocal":"महासमुंद"},{"stateCode":22,"code":760,"name":"Manendragarh-Chirmiri-Bharatpur(M C B)","nameLocal":"मनेन्द्रगढ़-चिरमिरी-भरतपुर(ऍम.सी.बी.)"},{"stateCode":22,"code":761,"name":"Mohla-Manpur-Ambagarh Chouki","nameLocal":"मोहला-मानपुर-अम्बागढ़ चौकी"},{"stateCode":22,"code":647,"name":"Mungeli","nameLocal":"मुंगेली"},{"stateCode":22,"code":637,"name":"Narayanpur","nameLocal":"नारायणपुर"},{"stateCode":22,"code":386,"name":"Raigarh","nameLocal":"रायगढ़"},{"stateCode":22,"code":387,"name":"Raipur","nameLocal":"रायपुर"},{"stateCode":22,"code":388,"name":"Rajnandgaon","nameLocal":"राजनंदगांव"},{"stateCode":22,"code":762,"name":"Sakti","nameLocal":"सक्ती"},{"stateCode":22,"code":763,"name":"Sarangarh-Bilaigarh","nameLocal":"सारंगढ़-बिलाईगढ़"},{"stateCode":22,"code":642,"name":"Sukma","nameLocal":"सुकमा"},{"stateCode":22,"code":648,"name":"Surajpur","nameLocal":"सूरजपुर"},{"stateCode":22,"code":389,"name":"Surguja","nameLocal":"सरगुजा"},{"stateCode":22,"code":381,"name":"Uttar Bastar Kanker","nameLocal":"उत्तर बस्तर कांकेर"},{"stateCode":23,"code":667,"name":"Agar-Malwa","nameLocal":"आगर-मालवा"},{"stateCode":23,"code":639,"name":"Alirajpur","nameLocal":"अलीराजपुर"},{"stateCode":23,"code":390,"name":"Anuppur","nameLocal":"अनूपपुर"},{"stateCode":23,"code":391,"name":"Ashoknagar","nameLocal":"अशोकनगर"},{"stateCode":23,"code":392,"name":"Balaghat","nameLocal":"बालाघाट"},{"stateCode":23,"code":393,"name":"Barwani","nameLocal":"बड़वानी"},{"stateCode":23,"code":394,"name":"Betul","nameLocal":"बैतूल"},{"stateCode":23,"code":395,"name":"Bhind","nameLocal":"भिण्ड"},{"stateCode":23,"code":396,"name":"Bhopal","nameLocal":"भोपाल"},{"stateCode":23,"code":397,"name":"Burhanpur","nameLocal":"बुरहानपुर"},{"stateCode":23,"code":398,"name":"Chhatarpur","nameLocal":"छ्तरपुर"},{"stateCode":23,"code":399,"name":"Chhindwara","nameLocal":"छिन्दवाड़ा"},{"stateCode":23,"code":400,"name":"Damoh","nameLocal":"दमोह"},{"stateCode":23,"code":401,"name":"Datia","nameLocal":"दतिया"},{"stateCode":23,"code":402,"name":"Dewas","nameLocal":"देवास"},{"stateCode":23,"code":403,"name":"Dhar","nameLocal":"धार"},{"stateCode":23,"code":404,"name":"Dindori","nameLocal":"डिंडोरी"},{"stateCode":23,"code":406,"name":"Guna","nameLocal":"गुना"},{"stateCode":23,"code":407,"name":"Gwalior","nameLocal":"ग्वालियर"},{"stateCode":23,"code":408,"name":"Harda","nameLocal":"हरदा"},{"stateCode":23,"code":410,"name":"Indore","nameLocal":"इन्दौर"},{"stateCode":23,"code":411,"name":"Jabalpur","nameLocal":"जबलपुर"},{"stateCode":23,"code":412,"name":"Jhabua","nameLocal":"झाबुआ"},{"stateCode":23,"code":413,"name":"Katni","nameLocal":"कटनी"},{"stateCode":23,"code":405,"name":"Khandwa (East Nimar)","nameLocal":"खण्डवा (पूर्व निमाड़)"},{"stateCode":23,"code":414,"name":"Khargone (West Nimar)","nameLocal":"खरगोन (पश्चिम निमाड़)"},{"stateCode":23,"code":784,"name":"Maihar","nameLocal":"मैहर"},{"stateCode":23,"code":415,"name":"Mandla","nameLocal":"मंडला"},{"stateCode":23,"code":416,"name":"Mandsaur","nameLocal":"मन्दसौर"},{"stateCode":23,"code":766,"name":"MAUGANJ","nameLocal":"मऊगंज"},{"stateCode":23,"code":417,"name":"Morena","nameLocal":"मुरैना"},{"stateCode":23,"code":409,"name":"Narmadapuram","nameLocal":"नर्मदापुरम"},{"stateCode":23,"code":418,"name":"Narsimhapur","nameLocal":"नरसिंहपुर"},{"stateCode":23,"code":419,"name":"Neemuch","nameLocal":"नीमच"},{"stateCode":23,"code":722,"name":"Niwari","nameLocal":"निवारी"},{"stateCode":23,"code":785,"name":"Pandhurna","nameLocal":"पांढुर्णा"},{"stateCode":23,"code":420,"name":"Panna","nameLocal":"पन्ना"},{"stateCode":23,"code":421,"name":"Raisen","nameLocal":"रायसेन"},{"stateCode":23,"code":422,"name":"Rajgarh","nameLocal":"राजगढ़"},{"stateCode":23,"code":423,"name":"Ratlam","nameLocal":"रतलाम"},{"stateCode":23,"code":424,"name":"Rewa","nameLocal":"रीवा"},{"stateCode":23,"code":425,"name":"Sagar","nameLocal":"सागर"},{"stateCode":23,"code":426,"name":"Satna","nameLocal":"सतना"},{"stateCode":23,"code":427,"name":"Sehore","nameLocal":"सीहोर"},{"stateCode":23,"code":428,"name":"Seoni","nameLocal":"सिवनी"},{"stateCode":23,"code":429,"name":"Shahdol","nameLocal":"शहडोल"},{"stateCode":23,"code":430,"name":"Shajapur","nameLocal":"शाजापुर"},{"stateCode":23,"code":431,"name":"Sheopur","nameLocal":"श्योपुर"},{"stateCode":23,"code":432,"name":"Shivpuri","nameLocal":"शिवपुरी"},{"stateCode":23,"code":433,"name":"Sidhi","nameLocal":"सीधी"},{"stateCode":23,"code":638,"name":"Singrauli","nameLocal":"सिंगरौली"},{"stateCode":23,"code":434,"name":"Tikamgarh","nameLocal":"टीकमगढ़"},{"stateCode":23,"code":435,"name":"Ujjain","nameLocal":"उज्जैन"},{"stateCode":23,"code":436,"name":"Umaria","nameLocal":"उमरिया"},{"stateCode":23,"code":437,"name":"Vidisha","nameLocal":"विदिशा"},{"stateCode":24,"code":438,"name":"Ahmedabad","nameLocal":"AHMEDABAD"},{"stateCode":24,"code":439,"name":"Amreli","nameLocal":"AMRELI"},{"stateCode":24,"code":440,"name":"Anand","nameLocal":"ANAND"},{"stateCode":24,"code":672,"name":"Arvalli","nameLocal":""},{"stateCode":24,"code":441,"name":"Banas Kantha","nameLocal":"BANAS KANTHA"},{"stateCode":24,"code":442,"name":"Bharuch","nameLocal":"BHARUCH"},{"stateCode":24,"code":443,"name":"Bhavnagar","nameLocal":"BHAVNAGAR"},{"stateCode":24,"code":676,"name":"Botad","nameLocal":"BOTAD"},{"stateCode":24,"code":668,"name":"Chhotaudepur","nameLocal":"CHHOTAUDEPUR"},{"stateCode":24,"code":445,"name":"Dahod","nameLocal":"DAHOD"},{"stateCode":24,"code":444,"name":"Dangs","nameLocal":"DANGS"},{"stateCode":24,"code":674,"name":"Devbhumi Dwarka","nameLocal":"DEVBHUMI DWARKA"},{"stateCode":24,"code":446,"name":"Gandhinagar","nameLocal":"GANDHINAGAR"},{"stateCode":24,"code":675,"name":"Gir Somnath","nameLocal":"GIR SOMNATH"},{"stateCode":24,"code":447,"name":"Jamnagar","nameLocal":"JAMNAGAR"},{"stateCode":24,"code":448,"name":"Junagadh","nameLocal":"JUNAGADH"},{"stateCode":24,"code":449,"name":"Kachchh","nameLocal":"KACHCHH"},{"stateCode":24,"code":450,"name":"Kheda","nameLocal":"KHEDA"},{"stateCode":24,"code":451,"name":"Mahesana","nameLocal":"MAHESANA"},{"stateCode":24,"code":669,"name":"Mahisagar","nameLocal":"મહિસાગર"},{"stateCode":24,"code":673,"name":"Morbi","nameLocal":"MORBI"},{"stateCode":24,"code":452,"name":"Narmada","nameLocal":"NARMADA"},{"stateCode":24,"code":453,"name":"Navsari","nameLocal":"NAVSARI"},{"stateCode":24,"code":454,"name":"Panch Mahals","nameLocal":"PANCH MAHALS"},{"stateCode":24,"code":455,"name":"Patan","nameLocal":"PATAN"},{"stateCode":24,"code":456,"name":"Porbandar","nameLocal":"PORBANDAR"},{"stateCode":24,"code":457,"name":"Rajkot","nameLocal":"RAJKOT"},{"stateCode":24,"code":458,"name":"Sabar Kantha","nameLocal":"SABAR KANTHA"},{"stateCode":24,"code":459,"name":"Surat","nameLocal":"SURAT"},{"stateCode":24,"code":460,"name":"Surendranagar","nameLocal":"SURENDRANAGAR"},{"stateCode":24,"code":641,"name":"Tapi","nameLocal":""},{"stateCode":24,"code":461,"name":"Vadodara","nameLocal":"VADODARA"},{"stateCode":24,"code":462,"name":"Valsad","nameLocal":"VALSAD"},{"stateCode":27,"code":466,"name":"Ahmednagar","nameLocal":"अहमदनगर"},{"stateCode":27,"code":467,"name":"Akola","nameLocal":"अकोला"},{"stateCode":27,"code":468,"name":"Amravati","nameLocal":"अमरावती"},{"stateCode":27,"code":470,"name":"Beed","nameLocal":"बीड"},{"stateCode":27,"code":471,"name":"Bhandara","nameLocal":"भंडारा"},{"stateCode":27,"code":472,"name":"Buldhana","nameLocal":"बुलढाणा"},{"stateCode":27,"code":473,"name":"Chandrapur","nameLocal":"चंद्रपूर"},{"stateCode":27,"code":469,"name":"Chhatrapati Sambhajinagar","nameLocal":"छत्रपती संभाजीनगर"},{"stateCode":27,"code":488,"name":"Dharashiv","nameLocal":"धाराशिव"},{"stateCode":27,"code":474,"name":"Dhule","nameLocal":"धुळे"},{"stateCode":27,"code":475,"name":"Gadchiroli","nameLocal":"गडचिरोली"},{"stateCode":27,"code":476,"name":"Gondia","nameLocal":"गोंदीया"},{"stateCode":27,"code":477,"name":"Hingoli","nameLocal":"हिंगोली"},{"stateCode":27,"code":478,"name":"Jalgaon","nameLocal":"जळगाव"},{"stateCode":27,"code":479,"name":"Jalna","nameLocal":"जालना"},{"stateCode":27,"code":480,"name":"Kolhapur","nameLocal":"कोल्हापूर"},{"stateCode":27,"code":481,"name":"Latur","nameLocal":"लातूर"},{"stateCode":27,"code":482,"name":"Mumbai","nameLocal":"मुंबई"},{"stateCode":27,"code":483,"name":"Mumbai Suburban","nameLocal":"मुंबई उपनगर"},{"stateCode":27,"code":484,"name":"Nagpur","nameLocal":"नागपूर"},{"stateCode":27,"code":485,"name":"Nanded","nameLocal":"नांदेड"},{"stateCode":27,"code":486,"name":"Nandurbar","nameLocal":"नंदूरबार"},{"stateCode":27,"code":487,"name":"Nashik","nameLocal":"नाशिक"},{"stateCode":27,"code":665,"name":"Palghar","nameLocal":"पालघर"},{"stateCode":27,"code":489,"name":"Parbhani","nameLocal":"परभणी"},{"stateCode":27,"code":490,"name":"Pune","nameLocal":"पुणे"},{"stateCode":27,"code":491,"name":"Raigad","nameLocal":"रायगड"},{"stateCode":27,"code":492,"name":"Ratnagiri","nameLocal":"रत्नागिरी"},{"stateCode":27,"code":493,"name":"Sangli","nameLocal":"सांगली"},{"stateCode":27,"code":494,"name":"Satara","nameLocal":"सातारा"},{"stateCode":27,"code":495,"name":"Sindhudurg","nameLocal":"सिंधुदुर्ग"},{"stateCode":27,"code":496,"name":"Solapur","nameLocal":"सोलापूर"},{"stateCode":27,"code":497,"name":"Thane","nameLocal":"ठाणे"},{"stateCode":27,"code":498,"name":"Wardha","nameLocal":"वर्धा"},{"stateCode":27,"code":499,"name":"Washim","nameLocal":"वाशिम"},{"stateCode":27,"code":500,"name":"Yavatmal","nameLocal":"यवतमाळ"},{"stateCode":28,"code":745,"name":"Alluri Sitharama Raju","nameLocal":"Alluri Sitharama Raju"},{"stateCode":28,"code":744,"name":"Anakapalli","nameLocal":"Anakapalli"},{"stateCode":28,"code":502,"name":"Ananthapuramu","nameLocal":"అనంతపురము"},{"stateCode":28,"code":753,"name":"Annamayya","nameLocal":"Annamayya"},{"stateCode":28,"code":750,"name":"Bapatla","nameLocal":"Bapatla"},{"stateCode":28,"code":503,"name":"Chittoor","nameLocal":"CHITTOOR"},{"stateCode":28,"code":747,"name":"Dr. B.R. Ambedkar Konaseema","nameLocal":"డా బి ఆర్  అంబేడ్కర్ కోనసీమ"},{"stateCode":28,"code":505,"name":"East Godavari","nameLocal":"EAST GODAVARI"},{"stateCode":28,"code":748,"name":"Eluru","nameLocal":"Eluru"},{"stateCode":28,"code":506,"name":"Guntur","nameLocal":"GUNTUR"},{"stateCode":28,"code":746,"name":"Kakinada","nameLocal":"Kakinada"},{"stateCode":28,"code":510,"name":"Krishna","nameLocal":"KRISHNA"},{"stateCode":28,"code":511,"name":"Kurnool","nameLocal":"KURNOOL"},{"stateCode":28,"code":755,"name":"Nandyal","nameLocal":"Nandyal"},{"stateCode":28,"code":749,"name":"Ntr","nameLocal":"NTR"},{"stateCode":28,"code":751,"name":"Palnadu","nameLocal":"Palnadu"},{"stateCode":28,"code":743,"name":"Parvathipuram Manyam","nameLocal":"Parvathipuram Manyam"},{"stateCode":28,"code":517,"name":"Prakasam","nameLocal":"PRAKASAM"},{"stateCode":28,"code":515,"name":"Sri Potti Sriramulu Nellore","nameLocal":"శ్రీ పొట్టి శ్రీరాములు నెల్లూరు"},{"stateCode":28,"code":754,"name":"Sri Sathya Sai","nameLocal":"Sri Sathya Sai"},{"stateCode":28,"code":519,"name":"Srikakulam","nameLocal":"SRIKAKULAM"},{"stateCode":28,"code":752,"name":"Tirupati","nameLocal":"Tirupati"},{"stateCode":28,"code":520,"name":"Visakhapatnam","nameLocal":"విశాఖపట్నం"},{"stateCode":28,"code":521,"name":"Vizianagaram","nameLocal":"VIZIANAGARAM"},{"stateCode":28,"code":523,"name":"West Godavari","nameLocal":"పశ్చిమగోదావరి"},{"stateCode":28,"code":504,"name":"Y.S.R.","nameLocal":""},{"stateCode":29,"code":524,"name":"Bagalkote","nameLocal":"ಬಾಗಲಕೋಟೆ"},{"stateCode":29,"code":528,"name":"Ballari","nameLocal":"ಬಳ್ಳಾರಿ"},{"stateCode":29,"code":527,"name":"Belagavi","nameLocal":"ಬೆಳಗಾವಿ"},{"stateCode":29,"code":526,"name":"Bengaluru Rural","nameLocal":"ಬೆಂಗಳೂರು ಗ್ರಾಮಾಂತರ"},{"stateCode":29,"code":525,"name":"Bengaluru Urban","nameLocal":"ಬೆಂಗಳೂರು"},{"stateCode":29,"code":529,"name":"Bidar","nameLocal":"ಬೀದರ್‌"},{"stateCode":29,"code":531,"name":"Chamarajanagara","nameLocal":"ಚಾಮರಾಜನಗರ"},{"stateCode":29,"code":630,"name":"Chikkaballapura","nameLocal":"ಚಿಕ್ಕಬಳ್ಳಾಪುರ"},{"stateCode":29,"code":532,"name":"Chikkamagaluru","nameLocal":"ಚಿಕ್ಕಮಗಳೂರು"},{"stateCode":29,"code":533,"name":"Chitradurga","nameLocal":"ಚಿತ್ರದುರ್ಗ"},{"stateCode":29,"code":534,"name":"Dakshina Kannada","nameLocal":"ದಕ್ಷಿಣ ಕನ್ನಡ"},{"stateCode":29,"code":535,"name":"Davangere","nameLocal":"ದಾವಣಗೆರೆ"},{"stateCode":29,"code":536,"name":"Dharwad","nameLocal":"ಧಾರವಾಡ"},{"stateCode":29,"code":537,"name":"Gadag","nameLocal":"ಗದಗ"},{"stateCode":29,"code":539,"name":"Hassan","nameLocal":"ಹಾಸನ"},{"stateCode":29,"code":540,"name":"Haveri","nameLocal":"ಹಾವೇರಿ"},{"stateCode":29,"code":538,"name":"Kalaburagi","nameLocal":"ಕಲಬುರಗಿ"},{"stateCode":29,"code":541,"name":"Kodagu","nameLocal":"ಕೊಡಗು"},{"stateCode":29,"code":542,"name":"Kolar","nameLocal":"ಕೋಲಾರ"},{"stateCode":29,"code":543,"name":"Koppal","nameLocal":"ಕೊಪ್ಪಳ"},{"stateCode":29,"code":544,"name":"Mandya","nameLocal":"ಮಂಡ್ಯ"},{"stateCode":29,"code":545,"name":"Mysuru","nameLocal":"ಮೈಸೂರು"},{"stateCode":29,"code":546,"name":"Raichur","nameLocal":"ರಾಯಚೂರು"},{"stateCode":29,"code":631,"name":"Ramanagara","nameLocal":"ರಾಮನಗರ"},{"stateCode":29,"code":547,"name":"Shivamogga","nameLocal":"ಶಿವಮೊಗ್ಗ"},{"stateCode":29,"code":548,"name":"Tumakuru","nameLocal":"ತುಮಕೂರು"},{"stateCode":29,"code":549,"name":"Udupi","nameLocal":"ಉಡುಪಿ"},{"stateCode":29,"code":550,"name":"Uttara Kannada","nameLocal":"ಉತ್ತರ ಕನ್ನಡ"},{"stateCode":29,"code":738,"name":"Vijayanagar","nameLocal":""},{"stateCode":29,"code":530,"name":"Vijayapura","nameLocal":"ವಿಜಯಾಪುರ"},{"stateCode":29,"code":635,"name":"Yadgir","nameLocal":"ಯಾದಗಿರಿ"},{"stateCode":30,"code":551,"name":"North Goa","nameLocal":"NORTH GOA"},{"stateCode":30,"code":552,"name":"South Goa","nameLocal":"SOUTH GOA"},{"stateCode":31,"code":553,"name":"Lakshadweep District","nameLocal":"LAKSHADWEEP DISTRICT"},{"stateCode":32,"code":554,"name":"Alappuzha","nameLocal":"ആലപ്പുഴ"},{"stateCode":32,"code":555,"name":"Ernakulam","nameLocal":"എറണാകുളം"},{"stateCode":32,"code":556,"name":"Idukki","nameLocal":"ഇടുക്കി"},{"stateCode":32,"code":557,"name":"Kannur","nameLocal":"കണ്ണൂര്‍"},{"stateCode":32,"code":558,"name":"Kasaragod","nameLocal":"കാസര്‍കോഡ്"},{"stateCode":32,"code":559,"name":"Kollam","nameLocal":"കൊല്ലം"},{"stateCode":32,"code":560,"name":"Kottayam","nameLocal":"കോട്ടയം"},{"stateCode":32,"code":561,"name":"Kozhikode","nameLocal":"കോഴിക്കോട്"},{"stateCode":32,"code":562,"name":"Malappuram","nameLocal":"മലപ്പുറം"},{"stateCode":32,"code":563,"name":"Palakkad","nameLocal":"പാലക്കാട്"},{"stateCode":32,"code":564,"name":"Pathanamthitta","nameLocal":"പത്തനംതിട്ട"},{"stateCode":32,"code":565,"name":"Thiruvananthapuram","nameLocal":"തിരുവനന്തപുരം"},{"stateCode":32,"code":566,"name":"Thrissur","nameLocal":"തൃശ്ശൂര്‍"},{"stateCode":32,"code":567,"name":"Wayanad","nameLocal":"വയനാട്"},{"stateCode":33,"code":610,"name":"Ariyalur","nameLocal":"அரியலூர்"},{"stateCode":33,"code":730,"name":"Chengalpattu","nameLocal":"செங்கல்பட்டு"},{"stateCode":33,"code":568,"name":"Chennai","nameLocal":"CHENNAI"},{"stateCode":33,"code":569,"name":"Coimbatore","nameLocal":"COIMBATORE"},{"stateCode":33,"code":570,"name":"Cuddalore","nameLocal":"CUDDALORE"},{"stateCode":33,"code":571,"name":"Dharmapuri","nameLocal":"DHARMAPURI"},{"stateCode":33,"code":572,"name":"Dindigul","nameLocal":"DINDIGUL"},{"stateCode":33,"code":573,"name":"Erode","nameLocal":"ERODE"},{"stateCode":33,"code":729,"name":"Kallakurichi","nameLocal":"கள்ளக்குறிச்சி"},{"stateCode":33,"code":574,"name":"Kancheepuram","nameLocal":"KANCHIPURAM"},{"stateCode":33,"code":575,"name":"Kanniyakumari","nameLocal":"KANNIYAKUMARI"},{"stateCode":33,"code":576,"name":"Karur","nameLocal":"KARUR"},{"stateCode":33,"code":577,"name":"Krishnagiri","nameLocal":"KRISHNAGIRI"},{"stateCode":33,"code":578,"name":"Madurai","nameLocal":"MADURAI"},{"stateCode":33,"code":735,"name":"Mayiladuthurai","nameLocal":""},{"stateCode":33,"code":579,"name":"Nagapattinam","nameLocal":"NAGAPATTINAM"},{"stateCode":33,"code":580,"name":"Namakkal","nameLocal":"NAMAKKAL"},{"stateCode":33,"code":581,"name":"Perambalur","nameLocal":"PERAMBALUR"},{"stateCode":33,"code":582,"name":"Pudukkottai","nameLocal":"PUDUKKOTTAI"},{"stateCode":33,"code":583,"name":"Ramanathapuram","nameLocal":"RAMANATHAPURAM"},{"stateCode":33,"code":731,"name":"Ranipet","nameLocal":"ராணிப்பேட்டை"},{"stateCode":33,"code":584,"name":"Salem","nameLocal":"SALEM"},{"stateCode":33,"code":585,"name":"Sivaganga","nameLocal":"SIVAGANGA"},{"stateCode":33,"code":733,"name":"Tenkasi","nameLocal":"தென்காசி"},{"stateCode":33,"code":586,"name":"Thanjavur","nameLocal":"THANJAVUR"},{"stateCode":33,"code":587,"name":"The Nilgiris","nameLocal":"THE NILGIRIS"},{"stateCode":33,"code":588,"name":"Theni","nameLocal":"THENI"},{"stateCode":33,"code":589,"name":"Thiruvallur","nameLocal":"THIRUVALLUR"},{"stateCode":33,"code":590,"name":"Thiruvarur","nameLocal":"THIRUVARUR"},{"stateCode":33,"code":594,"name":"Thoothukkudi","nameLocal":"Thoothukkudi"},{"stateCode":33,"code":591,"name":"Tiruchirappalli","nameLocal":"TIRUCHIRAPPALLI"},{"stateCode":33,"code":592,"name":"Tirunelveli","nameLocal":"TIRUNELVELI"},{"stateCode":33,"code":732,"name":"Tirupathur","nameLocal":"திருப்பத்தூர்"},{"stateCode":33,"code":634,"name":"Tiruppur","nameLocal":"TIRUPPUR"},{"stateCode":33,"code":593,"name":"Tiruvannamalai","nameLocal":"TIRUVANNAMALAI"},{"stateCode":33,"code":595,"name":"Vellore","nameLocal":"VELLORE"},{"stateCode":33,"code":596,"name":"Viluppuram","nameLocal":"VILLUPURAM"},{"stateCode":33,"code":597,"name":"Virudhunagar","nameLocal":"VIRUDHUNAGAR"},{"stateCode":34,"code":598,"name":"Karaikal","nameLocal":"காரைக்கால்"},{"stateCode":34,"code":599,"name":"Mahe","nameLocal":"MAHE"},{"stateCode":34,"code":600,"name":"Puducherry","nameLocal":"புதுச்சேரி"},{"stateCode":34,"code":601,"name":"Yanam","nameLocal":"YANAM"},{"stateCode":35,"code":603,"name":"Nicobars","nameLocal":"NICOBARS"},{"stateCode":35,"code":632,"name":"North And Middle Andaman","nameLocal":"NORTH AND MIDDLE ANDAMAN"},{"stateCode":35,"code":602,"name":"South Andamans","nameLocal":"SOUTH ANDAMANS"},{"stateCode":36,"code":501,"name":"Adilabad","nameLocal":"ఆదిలాబాద్"},{"stateCode":36,"code":690,"name":"Bhadradri Kothagudem","nameLocal":"భద్రాద్రి కొత్తగూడెం"},{"stateCode":36,"code":686,"name":"Hanumakonda","nameLocal":"హనుమకొండ"},{"stateCode":36,"code":507,"name":"Hyderabad","nameLocal":"హైదరాబాద్"},{"stateCode":36,"code":681,"name":"Jagitial","nameLocal":"జగిత్యాల"},{"stateCode":36,"code":689,"name":"Jangoan","nameLocal":"జనగాం"},{"stateCode":36,"code":687,"name":"Jayashankar Bhupalapally","nameLocal":"జయశంకర్ భూపాలపల్లి"},{"stateCode":36,"code":695,"name":"Jogulamba Gadwal","nameLocal":"జోగులాంబ గద్వాల"},{"stateCode":36,"code":685,"name":"Kamareddy","nameLocal":"కామారెడ్డి"},{"stateCode":36,"code":508,"name":"Karimnagar","nameLocal":"కరీంనగర్"},{"stateCode":36,"code":509,"name":"Khammam","nameLocal":"ఖమ్మం"},{"stateCode":36,"code":699,"name":"Kumuram Bheem Asifabad","nameLocal":"కుమురం భీమ్ ఆసిఫాబాద్"},{"stateCode":36,"code":688,"name":"Mahabubabad","nameLocal":"మహబుబాబాద్"},{"stateCode":36,"code":512,"name":"Mahabubnagar","nameLocal":"మహబూబ్ నగర్"},{"stateCode":36,"code":684,"name":"Mancherial","nameLocal":"మంచిర్యాల్"},{"stateCode":36,"code":513,"name":"Medak","nameLocal":"మెదక్"},{"stateCode":36,"code":700,"name":"Medchal Malkajgiri","nameLocal":"మేడ్చల్ మల్కాజిగిరి"},{"stateCode":36,"code":720,"name":"Mulugu","nameLocal":"ములుగు"},{"stateCode":36,"code":694,"name":"Nagarkurnool","nameLocal":"నాగర్ కర్నూల్"},{"stateCode":36,"code":514,"name":"Nalgonda","nameLocal":"నల్గొండ"},{"stateCode":36,"code":721,"name":"Narayanpet","nameLocal":"నారాయణ్ పేట్"},{"stateCode":36,"code":680,"name":"Nirmal","nameLocal":"నిర్మల్"},{"stateCode":36,"code":516,"name":"Nizamabad","nameLocal":"నిజామాబాదు"},{"stateCode":36,"code":682,"name":"Peddapalli","nameLocal":"పెద్దపల్లి"},{"stateCode":36,"code":683,"name":"Rajanna Sircilla","nameLocal":"రాజన్న సిరిసిల్ల"},{"stateCode":36,"code":518,"name":"Ranga Reddy","nameLocal":"రంగా రెడ్డి"},{"stateCode":36,"code":691,"name":"Sangareddy","nameLocal":"సంగారెడ్డి"},{"stateCode":36,"code":692,"name":"Siddipet","nameLocal":"సిద్దిపేట"},{"stateCode":36,"code":696,"name":"Suryapet","nameLocal":"సూర్యాపేట"},{"stateCode":36,"code":698,"name":"Vikarabad","nameLocal":"వికారాబాద్"},{"stateCode":36,"code":693,"name":"Wanaparthy","nameLocal":"వనపర్తి"},{"stateCode":36,"code":522,"name":"Warangal","nameLocal":"వరంగల్"},{"stateCode":36,"code":697,"name":"Yadadri Bhuvanagiri","nameLocal":"యదాద్రి భువనగిరి"},{"stateCode":37,"code":6,"name":"Kargil","nameLocal":"KARGIL"},{"stateCode":37,"code":9,"name":"Leh Ladakh","nameLocal":"LEH LADAKH"},{"stateCode":38,"code":465,"name":"Dadra And Nagar Haveli","nameLocal":"DADRA AND NAGAR HAVELI"},{"stateCode":38,"code":463,"name":"Daman","nameLocal":"DAMAN"},{"stateCode":38,"code":464,"name":"Diu","nameLocal":"DIU"}]}